365.0,720.0,cltsex_x,marryd_x,occpcode_x,marketbased,entry_age,churn,amtpaid,elapseddays,clntnum,premium,(No column name),net_profit,cltvscore,percentile,cltvband,client_name,cltsex_y,marryd_y,occpcode_y,latitude,longitude
0.9829695032776845,0.9438016028786734,1,4,0,0,0,0,1,749,50000834,14241.96,0.0,14241.96,23408.966971232556,33.582089552238806,medium value,Payer Tham PVM,M,S,    ,,
1.0,1.0,1,3,1,1,1,0,1,2090,50001181,52069.82,0.0,52069.82,88751.94472126567,69.1044776119403,high value,John James,M,M,ACCT,,
1.0,1.0,1,3,0,1,1,0,1,19,50002643,89868.8,0.0,89868.8,153179.53412872332,80.0,high value,Gaurav Singh,M,M,    ,,
0.9698540318314948,0.9698540318314948,1,3,0,0,1,0,1,10,50002679,7221.76,0.0,7221.76,11938.265378630385,20.8955223880597,low value,Govind Pal,M,M,    ,,
0.9209652411720995,0.9209652411720995,1,5,0,0,2,0,1,1480,50002754,10140.48,0.0,10140.48,15918.185228805407,23.582089552238806,low value,Mohit Kumar,M,Z,    ,,
1.0,1.0,0,3,0,0,1,0,0,3671,50003253,3479064.51,97742477.93,-94263413.42,-160670062.94797355,0.5970149253731344,low value,Ravita Singh,F,M,    ,,
1.0,1.0,1,3,0,0,1,0,2,19,50003980,294448.95,0.0,294448.95,501882.22147944267,94.32835820895522,high value,Ansh Aggarwal,M,M,    ,,
1.0,1.0,1,3,0,1,1,0,1,19,50005510,24640.0,0.0,24640.0,41998.376755133504,47.3134328358209,medium value,John RTA,M,M,    ,,
0.85555675038975,0.85555675038975,1,3,0,0,1,0,1,1480,50008351,61006.52,9799996.08,-9738989.56,-14202164.027027262,0.8955223880597015,low value,Rajiv Dixit,M,M,    ,,
0.9971625075716732,0.9904775946646284,1,4,0,1,1,0,1,749,50008539,47141.51,0.0,47141.51,79867.97135655588,66.86567164179105,high value,David Webb,M,S,    ,,
1.0,1.0,1,3,8,1,1,0,1,19,50009245,46515.98,0.0,46515.98,79285.53787233178,66.56716417910448,high value,Drake Doctor,M,M,AUDI,,
1.0,1.0,1,3,4,0,1,0,1,384,50009547,29616.76,0.0,29616.76,50481.162530290894,54.02985074626866,medium value,Arun Grover,M,M,ADCL,,
1.0,1.0,1,3,0,0,1,0,1,19,50009786,47018.6,0.0,47018.6,80142.24339687177,67.01492537313433,high value,Drake willson,M,M,    ,,
1.0,1.0,1,4,0,0,1,0,1,1845,50010141,58387.92,0.0,58387.92,99521.01713103062,71.7910447761194,high value,sds dsds,M,S,    ,,
1.0,1.0,1,3,0,0,1,0,1,19,50012681,9589.61,1427.02,8162.59,13912.967943087875,22.53731343283582,low value,Ansh Aggarwal,M,M,    ,,
1.0,1.0,1,4,0,1,1,0,1,19,50014151,40667.98,0.0,40667.98,69317.74131129199,63.43283582089553,high value,Rahul Gupta,M,S,    ,,
1.0,1.0,1,3,0,0,1,0,2,1845,50016218,-523.16,0.0,-523.16,-891.7155350331025,3.4328358208955225,low value,FCC Lee,M,M,    ,,
1.0,1.0,1,3,0,0,1,0,2,1845,50016222,-1423.64,0.0,-1423.64,-2426.5653037207094,3.134328358208955,low value,NUSWOI Lee,M,M,    ,,
0.8691525693175004,0.8691525693175004,1,4,0,0,1,0,1,1480,50016441,684.88,0.0,684.88,1014.6173956621783,7.014925373134329,low value,sett test,M,S,    ,,
0.9651030834264828,0.9651030834264828,1,4,0,1,1,0,1,1480,50016451,25544.4,0.0,25544.4,42020.49954374187,47.462686567164184,medium value,sefrs test,M,S,    ,,
0.996117074021676,0.9729116764783402,1,3,0,1,1,0,2,1114,50020832,123334.4,0.0,123334.4,207081.81067471,83.73134328358209,high value,Owen Wilson,M,M,    ,,
1.0,1.0,1,3,0,1,1,0,2,19,50021488,-1199.08,0.0,-1199.08,-2043.8073701114238,3.2835820895522385,low value,Drake Doctor,M,M,    ,,
1.0,1.0,0,3,0,1,1,0,2,19,50022220,560134.4,0.0,560134.4,954737.6446716987,98.05970149253731,high value,Tanuja Mukherjee,F,M,    ,,
0.9897519932863902,0.9298691656536784,1,0,0,1,1,0,1,1114,50023878,3781.35,0.0,3781.35,6195.400941431357,13.432835820895523,low value,John Smith,M, ,    ,,
0.9967478657817784,0.9967478657817784,1,5,0,1,1,0,2,10,50026119,119132.16,0.0,119132.16,202397.9606218998,83.5820895522388,high value,for test for test,M,Z,    ,,
1.0,1.0,1,3,0,1,1,0,1,19,50029533,13150.75,0.0,13150.75,22415.18478541282,33.134328358208954,medium value,Drake Doctor,M,M,    ,,
1.0,1.0,1,3,0,0,1,0,2,19,50029737,122082.74,0.0,122082.74,208087.53692447272,83.88059701492537,high value,Ansh TEN,M,M,    ,,
1.0,1.0,1,3,0,1,1,0,2,19,50029964,402915.23,0.0,402915.23,686760.7804351165,96.86567164179104,high value,Drake Doctor,M,M,    ,,
1.0,1.0,1,0,0,1,1,0,2,19,50033873,208363.6,559070.0,-350706.4,-597771.896007977,1.3432835820895521,low value,saji anbu,M, ,    ,,
1.0,1.0,1,3,0,1,1,0,1,19,50034049,39071.75,0.0,39071.75,66596.99987753195,62.23880597014926,high value,Drake Doctor,M,M,    ,,
1.0,1.0,1,3,0,1,1,0,2,19,50037988,137333.69,0.0,137333.69,234082.4697156133,85.5223880597015,high value,Drake Doctor,M,M,    ,,
1.0,1.0,1,3,0,0,1,0,1,19,50039373,36515.27,0.0,36515.27,62239.53193082077,61.34328358208955,high value,Ross TWL,M,M,    ,,
0.9999942811829133,0.9999596329688647,1,3,1,1,1,0,2,1114,50040973,258372.8,0.0,258372.8,440381.3763328858,92.98507462686567,high value,B Verma,M,M,ACCT,,
0.9708897752861686,0.8117749715917355,1,3,0,0,1,0,1,1114,50001069,21866.88,0.0,21866.88,33362.75033385905,39.25373134328358,medium value,John Sarti,M,S,    ,,
1.0,1.0,1,3,0,1,1,0,2,19,50002220,438049.92,0.0,438049.92,746647.1419527634,97.16417910447761,high value,Scott Fritz,M,M,    ,,
1.0,1.0,1,3,0,0,1,0,1,19,50002474,28705.11,0.0,28705.11,48927.27372473825,53.43283582089552,medium value,Surrender RUL,M,M,    ,,
1.0,1.0,1,3,0,0,1,0,1,19,50002617,1079.68,0.0,1079.68,1840.292508724941,8.208955223880597,low value,Gaurav Gupta,M,M,    ,,
1.0,1.0,1,3,0,1,1,0,1,353,50003260,15016.0,0.0,15016.0,25594.46531473558,34.92537313432836,medium value,Nishant Saxena,M,M,    ,,
1.0,1.0,1,3,0,1,1,0,1,19,50004178,11334.4,0.0,11334.4,19319.25330736141,29.850746268656714,low value,John amalan,M,M,    ,,
1.0,1.0,1,3,0,0,1,0,1,19,50005064,4274.11,0.0,4274.11,7285.133201009889,15.223880597014924,low value,John RTA,M,M,    ,,
0.8815411708207357,0.8815411708207357,1,1,0,0,2,0,1,1480,50005555,10106.88,0.0,10106.88,15186.283777855992,22.98507462686567,low value,Raj Sharma,M,M,    ,,
0.8815586482388289,0.8815586482388289,1,5,0,0,1,0,1,1480,50005788,29440.32,0.0,29440.32,44236.98688514871,48.80597014925373,medium value,Beta Singh,M,C,    ,,
1.0,1.0,1,4,0,1,1,0,1,19,50006951,27684.36,0.0,27684.36,47187.42619743295,50.59701492537313,medium value,Baby Singh,M,Z,    ,,
1.0,1.0,1,3,0,0,1,0,1,19,50007278,30042.01,0.0,30042.01,51205.99247002794,54.77611940298508,medium value,Ashish Namdev,M,S,    ,,
1.0,1.0,1,3,0,0,1,0,1,19,50007301,11719.75,0.0,11719.75,19976.07451201201,30.895522388059703,medium value,John RTA,M,M,    ,,
,,1,5,0,0,1,1,1,1480,50008540,48727.11,45036.56,3690.55,,,high value,Drake Doctor,M,M,    ,,
1.0,1.0,0,3,0,0,1,0,1,19,50009460,69988.8,0.0,69988.8,119294.4801558315,74.6268656716418,high value,Hero Singh,M,Z,    ,,
0.85555675038975,0.85555675038975,1,3,0,0,1,0,1,1480,50010139,57635.2,0.0,57635.2,84048.2022377814,68.2089552238806,high value,Mona Aggarwal,F,M,    ,,
1.0,1.0,1,3,0,0,1,0,2,19,50010551,225349.59,0.0,225349.59,384103.77363777865,91.34328358208955,high value,CR Rocks,M,M,    ,,
1.0,1.0,1,3,0,0,1,0,1,19,50011526,28028.78,0.0,28028.78,47774.48305303372,50.74626865671642,medium value,computer csc,M,M,    ,,
1.0,1.0,1,3,6,1,1,0,1,19,50014758,42342.72,0.0,42342.72,72172.3014365717,64.17910447761194,high value,Drake willson,M,M,    ,,
0.85555675038975,0.85555675038975,1,3,0,0,1,0,1,1480,50016224,158.48,0.0,158.48,231.1080570665773,4.029850746268656,low value,Drake Doctor,M,M,ANYS,,
0.8691525693175004,0.8691525693175004,1,4,0,0,1,0,1,1480,50016357,1369.76,0.0,1369.76,2029.2347913243566,8.507462686567164,low value,XMUSI RECAL,M,M,    ,,
1.0,1.0,1,3,0,0,1,0,1,19,50021448,31876.64,0.0,31876.64,54333.081834730474,57.16417910447761,medium value, test,M,S,    ,,
0.9904775946646284,0.9520131047643984,1,4,0,1,1,0,1,1113,50021858,38883.84,0.0,38883.84,64431.696697794476,62.089552238805965,high value,John RTA,M,M,    ,,
1.0,1.0,1,3,0,1,1,0,2,19,50023418,173565.58,0.0,173565.58,295838.98622415843,88.95522388059702,high value,John Anderson,M,S,    ,,
1.0,1.0,1,3,0,1,1,0,1,19,50024307,75360.0,0.0,75360.0,128449.58085498624,75.82089552238806,high value,Drake Doctor,M,M,    ,,
1.0,1.0,1,4,0,1,1,0,1,19,50028507,95513.32,0.0,95513.32,162800.50318561803,80.74626865671641,high value,NINJA RUL,M,M,    ,,
1.0,1.0,1,3,0,0,1,0,1,19,50030908,24388.65,0.0,24388.65,41569.95581368047,47.16417910447761,medium value,Singh DONLAD,M,S,    ,,
1.0,1.0,1,3,0,0,1,0,1,19,50033702,6236.35,0.0,6236.35,10629.731204418702,19.55223880597015,low value,Ross TWL,M,M,    ,,
0.85555675038975,0.85555675038975,1,3,0,0,1,0,1,1694,50033996,25991.7,0.0,25991.7,37903.15047234577,42.98507462686567,medium value,siva anbu,M,M,    ,,
1.0,1.0,1,3,1,0,1,0,2,19,50034321,155606.44,0.0,155606.44,265227.99888981646,87.46268656716418,high value,Ansh TEN,M,M,    ,,
1.0,1.0,1,4,0,0,1,0,1,19,50034724,20746.88,0.0,20746.88,35362.633227822414,41.64179104477612,medium value,Snow Singh,M,M,ACCT,,
1.0,1.0,1,3,0,0,1,0,1,19,50037298,31022.88,0.0,31022.88,52877.86535183832,56.11940298507463,medium value,Snow Drake,M,S,    ,,
1.0,1.0,1,0,0,0,1,0,2,19,50044560,225405.51,0.0,225405.51,384199.08813567425,91.49253731343283,high value,Drake willson,M,M,    ,,
1.0,1.0,1,3,0,0,1,0,1,384,50001185,18077.28,0.0,18077.28,30812.354551462653,37.91044776119403,medium value,twlfour client,M, ,    ,,
1.0,1.0,1,5,0,1,1,0,1,2210,50001495,36522.68,0.0,36522.68,62252.162124479684,61.49253731343284,high value,Raj Mathur,M,M,    ,,
1.0,1.0,1,4,0,1,1,0,1,1845,50001817,10349.65,0.0,10349.65,17640.767044795757,25.970149253731346,low value,Steve Roger,M,M,    ,,
1.0,1.0,1,4,0,1,2,0,1,5497,50002500,24918.88,0.0,24918.88,42473.722019316614,47.61194029850746,medium value,Parth Gevik,M,Z,    ,,
1.0,1.0,1,3,0,1,1,0,1,19,50004695,34003.2,0.0,34003.2,57957.75992208423,59.70149253731343,medium value,Matt Dimitrov,M,S,    ,,
1.0,1.0,1,3,0,1,1,0,1,19,50004938,41954.37,0.0,41954.37,71510.3667931928,63.88059701492538,high value,Amar Shrivastava,M,S,    ,,
1.0,1.0,1,3,0,1,1,0,1,19,50005552,52800.0,0.0,52800.0,89996.52161814322,69.55223880597015,high value,John RTA,M,M,    ,,
0.8815586482388289,0.8815586482388289,1,5,0,0,1,0,1,1480,50005786,29440.32,0.0,29440.32,44236.98688514871,48.80597014925373,medium value,John RTA,M,M,    ,,
1.0,1.0,1,3,0,0,1,0,1,19,50006049,17116.5,0.0,17116.5,29174.724664336147,37.3134328358209,medium value,John RTA,M,M,    ,,
1.0,1.0,1,3,0,0,1,0,1,19,50006213,63793.68,0.0,63793.68,108735.02464433544,73.88059701492537,high value,Amma Singh,M,Z,    ,,
,,1,3,0,0,1,1,1,1480,50008265,20642.72,0.0,20642.72,,,high value,John RTA,M,M,    ,,
0.9796652947800981,0.9796652947800981,1,3,0,1,1,0,2,1480,50010115,-1828.74,0.0,-1828.74,-3053.665687500317,2.6865671641791042,low value,John RTA,M,M,    ,,
1.0,1.0,1,3,0,0,1,0,1,19,50013132,7298.87,0.0,7298.87,12440.774843617746,21.940298507462686,low value,Home Singh,M,M,    ,,
1.0,1.0,1,3,0,1,1,0,1,1845,50013922,19290.88,0.0,19290.88,32880.91096501907,38.656716417910445,medium value,Frank Martin,M,M,    ,,
0.9708897752861686,0.8117749715917355,1,3,0,0,1,0,1,1114,50014309,16235.52,0.0,16235.52,24770.868102828354,34.47761194029851,medium value,Drake willson,M,M,    ,,
1.0,1.0,1,3,0,0,1,0,2,1845,50016213,-1423.64,0.0,-1423.64,-2426.5653037207094,3.134328358208955,low value,Achal Sharma,M,M,    ,,
1.0,1.0,1,3,0,1,1,0,2,19,50022708,104612.81,0.0,104612.81,178310.3980435551,81.94029850746269,high value,Javed Khan,M,M,    ,,
1.0,1.0,0,3,0,0,1,0,1,19,50022749,16926.2,0.0,16926.2,28850.362201004093,37.16417910447761,medium value,NUSWI Lee,M,M,    ,,
0.9708897752861686,0.8117749715917355,1,3,0,0,1,0,1,1114,50023236,15746.86,0.0,15746.86,24025.309450741566,33.731343283582085,medium value,Drake Doctor,M,M,    ,,
1.0,1.0,1,4,1,0,1,0,1,19,50023265,7153.44,0.0,7153.44,12192.89237886535,21.343283582089555,low value,Mona Aggarwal,F,M,    ,,
1.0,1.0,1,3,1,0,1,0,2,19,50024632,559183.72,0.0,559183.72,953117.2300282908,97.46268656716418,high value,Sanjeev Kumar,M,M,    ,,
1.0,1.0,1,3,0,0,1,0,1,19,50025061,39742.82,0.0,39742.82,67740.8249866662,63.13432835820896,high value,Renldo Robert,M,S,ACCT,,
1.0,1.0,0,3,0,1,1,0,1,19,50027812,70074.14,0.0,70074.14,119439.94044285596,74.77611940298507,high value,Snow Singh,M,M,ACCT,,
0.9953588626446462,0.9699729671913722,1,3,0,1,1,0,1,871,50028173,18735.36,0.0,18735.36,31399.809309167904,38.059701492537314,medium value,John RTA,M,M,    ,,
1.0,1.0,1,0,1,1,1,0,2,19,50028269,560134.4,0.0,560134.4,954737.6446716987,98.05970149253731,high value,Ritika Shukla,F,M,    ,,
1.0,1.0,1,4,0,0,1,0,1,19,50034448,553.28,0.0,553.28,943.0544598652705,6.119402985074627,low value,PHL RUL,M,M,    ,,
1.0,1.0,1,3,0,0,1,0,1,19,50039781,9657.96,0.0,9657.96,16461.79556680232,24.47761194029851,low value,Joe Shayam,M, ,ACCT,,
1.0,1.0,1,3,0,1,1,0,2,19,50048115,184949.01,0.0,184949.01,315241.8101651361,89.40298507462686,high value,rohit kumar,M,S,    ,,
1.0,1.0,1,3,0,0,1,0,1,19,50057894,16840.98,0.0,16840.98,28705.106451528743,37.014925373134325,medium value,Ansh TEN,M,M,    ,,
1.0,1.0,1,3,0,1,1,0,1,19,50061098,31234.4,0.0,31234.4,53238.39687177524,56.71641791044776,medium value,NINJA RUL,M,M,    ,,
1.0,1.0,1,3,0,0,1,0,1,19,50061287,28134.4,0.0,28134.4,47954.51018586154,52.98507462686567,medium value,John RTA,M,M,    ,,
1.0,1.0,1,3,0,0,1,0,2,19,50061530,364091.19,0.0,364091.19,620585.9971933805,96.26865671641791,high value,NINJA RUL,M,M,    ,,
1.0,1.0,1,4,6,0,1,0,1,10,50000913,11683.84,0.0,11683.84,19914.866650434218,30.74626865671642,medium value,NINJA RUL,M,M,    ,,
1.0,1.0,1,3,8,1,1,0,1,1725,50001184,7209.44,0.0,7209.44,12288.343235127017,21.641791044776117,low value,NINJA RUL,M,M,    ,,
0.9998882917537236,0.9998882917537236,1,3,1,1,1,0,0,1480,50001198,11500860.98,0.0,11500860.98,19600792.833175812,99.85074626865672,high value,Abhinav Singh,M,M,AUDI,,
,,1,4,0,0,1,1,1,1845,50001209,38346.88,0.0,38346.88,,,high value,Andy F Bambang,M,M,ACCT,,
1.0,1.0,1,3,1,1,1,0,1,19,50001652,22534.4,0.0,22534.4,38409.42455969483,43.88059701492537,medium value,John Smith,M,S,ANYS,,
1.0,1.0,1,3,0,0,1,0,1,384,50002933,9061.78,0.0,9061.78,15445.61893312231,23.134328358208954,low value,Target Four,M,M,AUDI,,
1.0,1.0,1,3,0,0,1,0,1,19,50004932,19626.88,0.0,19626.88,33453.616102589076,39.55223880597015,medium value,sdfsdfdsf sadsad,M,M,ACCT,,
1.0,1.0,1,3,0,0,1,0,1,19,50004959,344.0,0.0,344.0,586.340974178812,4.179104477611941,low value,John Anderson,M,S,    ,,
1.0,1.0,1,4,0,0,1,0,1,1845,50006969,2225.44,0.0,2225.44,3793.2170278386493,10.895522388059701,low value,Personal Client Personal Client,M,M,ACCT,,
1.0,1.0,0,3,0,0,1,0,1,19,50010557,978.88,0.0,978.88,1668.4809674539401,8.059701492537313,low value,Ronald Carter,M,M,    ,,
0.999941918245659,0.999941918245659,1,3,1,1,1,0,1,1480,50013618,5659.72,420.0,5239.72,8930.476996589277,17.46268656716418,low value,Arun Singh,M,M,    ,,
1.0,1.0,1,3,0,0,1,0,1,19,50014341,23546.88,0.0,23546.88,40135.17604090577,46.56716417910447,medium value,John RTA,M,M,    ,,
1.0,1.0,1,3,6,1,1,0,1,19,50016054,84403.2,0.0,84403.2,143863.5305575846,78.35820895522389,high value,Soham Khan,M,S,    ,,
1.0,1.0,1,3,0,0,1,0,1,19,50016619,842.7,0.0,842.7,1436.3649387804792,7.91044776119403,low value,geeta sharma,F,M,    ,,
1.0,1.0,1,3,0,0,1,0,0,19,50019902,1154076.92,12843.21,1141233.71,1945209.550253197,99.55223880597015,high value,Amar Kuamr,M,M,ACCT,,
1.0,1.0,0,3,0,0,1,0,1,19,50022653,16840.32,0.0,16840.32,28703.98149500852,36.71641791044776,medium value,Ansh Aggarwal,M,M,    ,,
1.0,1.0,1,4,1,0,1,0,1,19,50022858,7153.44,0.0,7153.44,12192.89237886535,21.343283582089555,low value,NINJA RUL,M,M,ANYS,,
1.0,1.0,1,3,0,0,1,0,1,2210,50023833,53937.46,0.0,53937.46,91935.2989567753,70.1492537313433,high value,Javed Akhtar,M,M,    ,,
1.0,1.0,1,3,13,1,1,0,2,1845,50026522,-21498.28,0.0,-21498.28,-36643.37918130485,2.0895522388059704,low value,Ansh Aggarwal,M,M,    ,,
1.0,1.0,1,3,0,0,1,0,1,19,50031192,26557.44,0.0,26557.44,45266.61407353298,50.14925373134328,medium value,Meenu Aggarwal,F,M,    ,,
1.0,1.0,1,3,0,0,1,0,1,19,50034243,42190.05,0.0,42190.05,71912.07853968834,64.02985074626866,high value,Rejdo Rivaldo,M,S,ACCT,,
1.0,1.0,1,3,0,0,1,0,1,19,50036817,26557.44,0.0,26557.44,45266.61407353298,50.14925373134328,medium value,jai singh,M,M,    ,,
1.0,1.0,1,4,0,0,1,0,1,19,50042358,553.28,0.0,553.28,943.0544598652705,6.119402985074627,low value,Prakash Gopalakrishnan,M,M,INFO,,
1.0,1.0,1,4,0,0,1,0,1,19,50042360,20746.88,0.0,20746.88,35362.633227822414,41.64179104477612,medium value,Drake willson,M,M,    ,,
1.0,1.0,1,3,0,1,1,0,0,19,50042398,1120719.04,0.0,1120719.04,1910242.7142277411,99.40298507462687,high value,John RTA,M,M,    ,,
1.0,1.0,1,0,6,1,1,0,1,19,50046455,49068.8,0.0,49068.8,83636.76742379444,67.91044776119402,high value,Drake willson,M,M,    ,,
1.0,1.0,1,3,0,0,1,0,1,19,50048756,31834.88,0.0,31834.88,54261.90276763249,56.865671641791046,medium value,rohit kumar,M,S,    ,,
1.0,1.0,1,4,1,0,1,0,1,19,50054526,6153.22,0.0,6153.22,10488.037817257411,19.25373134328358,low value,Snow Drake,M,S,    ,,
1.0,1.0,1,3,0,1,1,0,2,19,50054561,146830.64,0.0,146830.64,250269.82702586753,86.26865671641791,high value,Ram TEN,M,M,    ,,
1.0,1.0,1,4,0,1,1,0,2,6958,50056596,302006.74,140359.26,161647.48,275524.8281882268,88.2089552238806,high value,John Doe,M, ,ANYS,,
1.0,1.0,1,3,0,1,1,0,1,19,50059754,28134.4,0.0,28134.4,47954.51018586154,52.98507462686567,medium value,Drake willson,M,M,    ,,
1.0,1.0,1,3,0,0,1,0,1,19,50044856,19809.97,0.0,19809.97,33765.68926817744,39.850746268656714,medium value,RTA Ashish,M,S,ACCT,,
1.0,1.0,1,3,0,0,1,0,1,19,50047804,828.4,0.0,828.4,1411.990880842232,7.761194029850746,low value,NINJA RUL,M,M,    ,,
1.0,1.0,1,0,0,0,1,0,2,19,50048235,208446.69,0.0,208446.69,355293.12581089773,90.8955223880597,high value,Manav Aggarwal,M,S,    ,,
1.0,1.0,1,0,0,0,1,0,1,19,50048265,21534.75,0.0,21534.75,36705.54155144526,42.38805970149254,medium value,NINJA RUL,M,M,    ,,
1.0,1.0,1,3,0,0,1,0,1,19,50048655,96566.89,0.0,96566.89,164596.29173261096,81.04477611940298,high value,Ross TWL,M,M,    ,,
1.0,1.0,1,4,0,0,1,0,1,19,50054819,467.04,0.0,467.04,796.0601412223034,5.074626865671641,low value,siva Anbu,M,M,    ,,
1.0,1.0,1,4,0,0,1,0,1,19,50056804,5600.0,0.0,5600.0,9545.085626166707,18.059701492537314,low value,Tennewthree client,M, ,    ,,
1.0,1.0,1,3,0,0,1,0,1,19,50057313,5333.44,0.0,5333.44,9090.73955036117,17.761194029850746,low value,Tennewseven Client,M, ,    ,,
1.0,1.0,1,3,0,1,1,0,1,19,50057403,22993.6,0.0,22993.6,39192.1215810405,44.92537313432835,medium value,Ansh TEN,M,M,    ,,
1.0,1.0,1,0,0,0,1,0,1,19,50059118,28825.43,0.0,28825.43,49132.35670733474,53.58208955223881,medium value,john smith,M,S,    ,,
1.0,1.0,1,3,0,0,1,0,1,19,50061059,19587.56,0.0,19587.56,33386.59596565677,39.40298507462687,medium value,RTA Ashish,M,S,    ,,
1.0,1.0,1,3,0,0,1,0,1,19,50061209,28134.4,0.0,28134.4,47954.51018586154,52.98507462686567,medium value,Drake willson,M,M,    ,,
1.0,1.0,1,3,0,0,1,0,2,19,50061772,105940.8,0.0,105940.8,180573.92987582175,82.23880597014926,high value,Drake Doctor,M,M,    ,,
1.0,1.0,1,3,0,0,1,0,2,19,50061877,105940.8,0.0,105940.8,180573.92987582175,82.23880597014926,high value,Rathan Name,M, ,    ,,
0.9796652947800981,0.9796652947800981,1,3,0,1,1,0,2,1480,50065392,152638.43,0.0,152638.43,254878.6247825929,87.01492537313433,high value,Ansh TEN,M,M,    ,,
1.0,1.0,1,3,0,1,1,0,2,19,50079709,142800.0,0.0,142800.0,243399.68346725102,85.82089552238806,high value,NINJA RUL,M,M,    ,,
1.0,1.0,1,3,0,1,1,0,2,19,50080099,168000.0,0.0,168000.0,286352.5687850012,88.50746268656717,high value,John RUL,M,M,    ,,
0.9829668478677855,0.943793017846392,1,0,0,0,1,0,1,749,50041026,1596.0,0.0,1596.0,2623.2694808662827,9.104477611940299,low value,John RUL,M,M,    ,,
1.0,1.0,1,0,0,1,1,0,1,19,50041099,11334.4,0.0,11334.4,19319.25330736141,29.850746268656714,low value,Ansh TEN,M,M,    ,,
1.0,1.0,1,3,0,0,1,0,1,19,50044855,4845.14,0.0,4845.14,8258.442173350957,16.417910447761194,low value,NINJA RUL,M,M,    ,,
1.0,1.0,1,3,0,1,1,0,1,19,50045210,16833.6,0.0,16833.6,28692.527392257114,36.56716417910448,medium value,NINJA RUL,M,M,    ,,
1.0,1.0,1,0,0,0,1,0,2,19,50048236,114629.33,0.0,114629.33,195383.3518071643,82.83582089552239,high value,Madhan Rajan,M, ,    ,,
1.0,1.0,1,0,0,0,1,0,1,19,50048333,87703.66,0.0,87703.66,149489.09721932356,79.40298507462687,high value,Govardhan Kumar,M, ,    ,,
1.0,1.0,1,3,0,1,1,0,1,19,50048396,28134.4,0.0,28134.4,47954.51018586154,52.98507462686567,medium value,Ansh TEN,M,M,    ,,
1.0,1.0,1,3,1,0,1,0,1,19,50057913,3323.73,0.0,3323.73,5665.229901474833,12.08955223880597,low value,NINJA RUL,M,M,    ,,
1.0,1.0,1,3,0,1,1,0,1,384,50059531,4928.0,0.0,4928.0,8399.6753510267,16.567164179104477,low value,Tennewfive Client,M, ,    ,,
1.0,1.0,1,3,0,0,1,0,1,19,50059980,6156.23,0.0,6156.23,10493.168300781475,19.402985074626866,low value,Gcsthree Client,M, ,    ,,
1.0,1.0,1,3,0,1,1,0,1,19,50061810,61868.8,0.0,61868.8,105454.10599788977,73.13432835820896,high value,NINJA RUL,M,M,    ,,
1.0,1.0,1,3,0,1,1,0,2,19,50062164,340268.58,0.0,340268.58,579980.8449989564,95.82089552238806,high value,Ansh TEN,M,M,ACCT,,
1.0,1.0,1,0,0,1,1,0,1,371,50071153,5617.92,0.0,5617.92,9575.62990017044,18.208955223880597,low value,John RTA,M,M,    ,,
1.0,1.0,1,3,0,1,1,0,1,19,50072520,6026.72,0.0,6026.72,10272.421150880611,18.955223880597014,low value,Ansh TEN,M,M,    ,,
0.958737589923041,0.958737589923041,1,0,0,0,1,0,1,10,50078130,85715.84,0.0,85715.84,140072.42343654254,77.31343283582089,high value,NINJA RUL,M,M,    ,,
1.0,1.0,1,3,0,0,1,0,1,19,50001036,1544.0,0.0,1544.0,2631.716465500249,9.253731343283581,low value,NINJA RUL,M,M,    ,,
1.0,1.0,1,3,0,0,1,0,1,384,50001655,25917.54,0.0,25917.54,44175.91759278583,48.35820895522388,medium value,fgdfg dfgdf,M, ,    ,,
1.0,1.0,0,3,0,0,1,0,1,19,50001822,35875.84,0.0,35875.84,61149.63655547438,60.895522388059696,high value,Drake Doctor,M,M,    ,,
1.0,1.0,1,3,0,0,2,0,1,19,50002118,93237.56,0.0,93237.56,158921.51674551,80.59701492537313,high value,Rashid khan,M, ,    ,,
1.0,1.0,1,3,0,1,1,0,2,19,50002326,270412.8,0.0,270412.8,460913.09471633786,93.5820895522388,high value,nitasha mittal,F,S,    ,,
1.0,1.0,1,5,1,0,1,0,1,19,50002631,624.96,0.0,624.96,1065.2315558802045,7.313432835820896,low value,Way Tily,M,M,    ,,
1.0,1.0,1,3,0,1,1,0,1,1845,50002706,9589.61,0.0,9589.61,16345.294387775806,24.328358208955223,low value,Sebastian Song Newi,M,M,    ,,
1.0,1.0,1,3,0,0,1,0,1,19,50004984,3443.51,0.0,3443.51,5869.392465100235,12.388059701492537,low value,Cecilin Regina,F,M,    ,,
1.0,1.0,1,3,6,1,1,0,2,1480,50005470,846279.37,40000.0,806279.37,1374286.7187967405,98.50746268656717,high value,ONE TWL,M,M,    ,,
1.0,1.0,1,3,0,0,1,0,1,19,50005992,48218.01,0.0,48218.01,82186.6132452433,67.76119402985074,high value,Singh Anuj,M,M,    ,,
1.0,1.0,1,3,0,0,1,0,1,19,50006132,3443.51,0.0,3443.51,5869.392465100235,12.388059701492537,low value,abc parikh,M,Z,ACCT,,
1.0,1.0,1,3,0,0,1,0,1,19,50006716,26557.44,0.0,26557.44,45266.61407353298,50.14925373134328,medium value,Rahul Singh,M,M,    ,,
1.0,1.0,1,3,6,0,1,0,1,19,50007338,14362.8,0.0,14362.8,24481.09925562628,34.179104477611936,medium value,Ansh Aggarwal,M,M,    ,,
0.992276882960245,0.992276882960245,1,3,0,1,1,0,1,10,50007420,12454.4,0.0,12454.4,21064.322015492253,32.38805970149254,medium value,John Erwin,M,M,ANYS,,
1.0,1.0,1,3,0,1,1,0,1,19,50011881,42769.44,0.0,42769.44,72899.6369612856,64.32835820895522,high value,Drake willson,M,M,    ,,
1.0,1.0,1,4,0,0,1,0,1,19,50012390,44562.4,0.0,44562.4,75955.700662052,65.3731343283582,high value,Ansh Aggarwal,M,M,    ,,
1.0,1.0,1,3,0,0,1,0,1,19,50012690,87182.7,0.0,87182.7,148601.13153935788,79.25373134328359,high value,Ross TWLGeller,M,M,    ,,
1.0,1.0,1,3,0,0,1,0,1,19,50012875,10828.16,0.0,10828.16,18456.377566755942,27.164179104477608,low value,Drake Doctor,M,M,ANYS,,
0.8691525693175004,0.8691525693175004,1,4,0,0,1,0,1,1480,50016399,684.88,0.0,684.88,1014.6173956621783,7.014925373134329,low value,Rana Singh,M,M,    ,,
0.9612567114297048,0.9612567114297048,1,3,0,1,1,0,1,1694,50025955,67474.1,0.0,67474.1,110552.42850250471,74.02985074626865,high value,NINJA RUL,M,M,    ,,
1.0,0.9963167644400014,1,3,0,1,1,0,1,476,50031521,76372.12,2000.0,74372.12,126543.43180813297,75.22388059701493,high value,Soham Khan,M,S,    ,,
1.0,1.0,1,3,0,1,1,0,2,19,50031769,140672.0,50240.0,90432.0,154139.4970259835,80.29850746268656,high value,Drake willson,M,M,    ,,
1.0,1.0,1,4,0,1,1,0,1,19,50033916,25120.0,0.0,25120.0,42816.52695166208,48.059701492537314,medium value,Drake willson,M,M,    ,,
1.0,1.0,1,4,0,0,1,0,1,19,50034441,441.28,0.0,441.28,752.1527473419364,4.477611940298507,low value,FACTS3 FACTA3,M,S,    ,,
1.0,1.0,1,3,0,1,1,0,2,19,50037176,268596.32,0.0,268596.32,457816.9416559416,93.43283582089552,high value,Ravish Singh,M,M,    ,,
1.0,1.0,1,3,0,1,1,0,1,19,50038958,28134.4,0.0,28134.4,47954.51018586154,52.98507462686567,medium value,Ansh TEN,M,M,    ,,
1.0,1.0,1,3,0,0,1,0,1,19,50038983,19397.76,0.0,19397.76,33063.08574211276,38.95522388059702,medium value,NINJA RUL,M,M,    ,,
1.0,1.0,1,3,0,0,1,0,1,19,50040695,34355.46,0.0,34355.46,58558.17989756165,60.0,high value,RTA Ashish,M,S,    ,,
1.0,1.0,1,3,0,0,1,0,1,19,50040752,7171.98,0.0,7171.98,12224.493430206265,21.492537313432834,low value,john smith,M,S,    ,,
,,1,4,0,0,1,1,1,10,50041103,20280.0,0.0,20280.0,,,high value,NINJA RUL,M,M,    ,,
1.0,1.0,1,4,0,0,1,0,1,19,50042356,26346.88,0.0,26346.88,44907.71885398912,49.701492537313435,medium value,Drake Doctor,M,M,    ,,
0.958737589923041,0.958737589923041,1,0,0,0,1,0,1,10,50044314,45784.48,0.0,45784.48,74818.64576467912,64.92537313432835,high value,Ross TWL,M,M,    ,,
1.0,1.0,1,3,0,1,1,0,1,19,50061884,30934.4,0.0,30934.4,52727.052998944884,55.970149253731336,medium value,John RTA,M,M,    ,,
1.0,1.0,1,3,0,0,1,0,2,19,50062222,228520.04,0.0,228520.04,389507.7409098287,91.7910447761194,high value,Ansh TEN,M,M,    ,,
0.947057583650571,0.947057583650571,1,0,0,1,1,0,1,1480,50068245,10645.6,0.0,10645.6,17184.55663055381,25.223880597014926,low value,test one client,M,S,    ,,
1.0,1.0,1,3,0,0,1,0,1,19,50069836,466.99,0.0,466.99,795.9749172434982,4.776119402985075,low value,John RTA,M,S,    ,,
,,1,0,0,0,1,1,1,19,50075476,2898.6,0.0,2898.6,,,high value,detailwtwl client,M, ,    ,,
0.9925451835359855,0.9485518287522153,1,3,0,1,1,0,1,1114,50076879,33199.12,0.0,33199.12,54979.96706231915,57.3134328358209,medium value,NINJA RUL,M,M,    ,,
1.0,1.0,1,3,0,0,1,0,1,19,50076949,74897.76,0.0,74897.76,127661.70221572922,75.5223880597015,high value,Ansh TEN,M,M,    ,,
0.9925823330562398,0.9488024635452522,0,0,0,1,0,0,1,1114,50077037,11200.0,0.0,11200.0,18550.600208824566,27.313432835820894,low value,Avinash jain,M, ,    ,,
1.0,1.0,1,3,0,1,1,0,2,2575,50001156,341952.47,0.0,341952.47,582851.0011123574,95.97014925373134,high value,Ram TEN,M,M,    ,,
1.0,1.0,1,0,0,1,1,0,0,3671,50001189,5024183.07,1002658806.0,-997634622.6,-1700447838.6331263,0.1492537313432836,low value,Madhankumar Rajan,M, ,    ,,
1.0,1.0,1,4,0,1,1,0,1,1845,50001357,18457.6,0.0,18457.6,31460.60222384546,38.2089552238806,medium value,MOHIT SHARMA,M,M,    ,,
,,1,3,0,0,1,1,1,19,50002160,48096.12,0.0,48096.12,,,high value,Ansh TEN,M,M,    ,,
0.85555675038975,0.85555675038975,1,3,0,0,1,0,1,1480,50002210,15361.92,0.0,15361.92,22401.96544682102,32.985074626865675,medium value,ABC XYZ,F, ,    ,,
1.0,1.0,1,4,0,0,1,0,2,19,50002563,398547.52,0.0,398547.52,679316.1079457835,96.71641791044776,high value,William Rob,M,M,    ,,
0.85555675038975,0.85555675038975,1,3,0,0,1,0,1,1480,50003419,20397.44,0.0,20397.44,29745.158553332196,37.46268656716418,medium value,Bill Cage,M, ,    ,,
1.0,1.0,1,3,0,0,1,0,1,19,50004370,4808.65,0.0,4808.65,8196.245713619022,16.268656716417908,low value,Pit Test,M,S,    ,,
0.9737928561577964,0.8290647302186855,1,4,0,0,1,0,1,1114,50004741,39979.52,0.0,39979.52,61662.23040299602,61.19402985074627,high value,TWO TWL,M,M,    ,,
1.0,1.0,1,3,0,0,1,0,1,19,50006661,28193.76,0.0,28193.76,48055.688093498895,53.28358208955224,medium value,Amit Manocha,M,M,    ,,
1.0,1.0,1,3,0,1,1,0,1,19,50007721,36742.16,0.0,36742.16,62626.26130184238,61.64179104477612,high value,ten reversal,M,S,    ,,
1.0,1.0,1,3,0,0,1,0,1,19,50008102,10134.4,0.0,10134.4,17273.877816039974,25.37313432835821,low value,Devapriyo Chakma,M,M,    ,,
1.0,1.0,1,4,1,0,2,0,2,7324,50010500,146377.56,0.0,146377.56,249497.5614195276,86.11940298507463,high value,John RTA,M,M,    ,,
1.0,1.0,1,4,0,0,1,0,1,19,50013095,23933.05,0.0,23933.05,40793.394918808764,47.01492537313433,medium value,Soham Khan,M,S,    ,,
0.85555675038975,0.85555675038975,1,3,0,0,1,0,1,1480,50013442,3722.88,0.0,3722.88,5428.997750454439,11.791044776119403,low value,NINJA RUL,M,M,    ,,
1.0,1.0,1,3,0,0,1,0,1,19,50013939,8358.87,1393.12,6965.75,11872.978607226916,20.746268656716417,low value,jai singh,M,M,    ,,
1.0,1.0,0,4,1,0,1,0,2,19,50014377,912661.92,0.0,912661.92,1555613.602525305,98.955223880597,high value,NINJA RUL,M,M,    ,,
0.947057583650571,0.947057583650571,1,0,0,1,1,0,1,1480,50015611,36918.14,0.0,36918.14,59594.74971112138,60.298507462686565,high value,Kiku Singh,M,S,ACCT,,
1.0,1.0,1,4,1,1,1,0,2,1845,50015919,313335.68,0.0,313335.68,534074.2670237804,94.92537313432837,high value,sdfsdf fsfd,M,S,    ,,
1.0,1.0,1,0,0,0,1,0,1,19,50021562,3662.88,0.0,3662.88,6243.304149709555,13.73134328358209,low value,Direct Debit SGD,M,M,    ,,
1.0,1.0,1,3,0,1,1,0,2,19,50021652,101601.36,0.0,101601.36,173177.44302410516,81.34328358208955,high value,Ross TWLGeller,M,M,    ,,
1.0,1.0,1,3,1,0,1,0,1,19,50025297,19336.0,0.0,19336.0,32957.81708349276,38.80597014925373,medium value,Anshika Srivastava,F,S,ACCT,,
1.0,1.0,1,3,0,1,1,0,2,19,50030030,563137.6,0.0,563137.6,959856.5377346457,98.2089552238806,high value, SALUNKE USHABAI BHAGWAN,M, ,    ,,
1.0,1.0,1,3,1,0,1,0,2,19,50032114,226336.64,0.0,226336.64,385786.18020336935,91.64179104477613,high value,Test-KQ Test,M,S,ACCT,,
1.0,1.0,1,3,7,1,1,0,2,19,50034035,280165.76,0.0,280165.76,477536.8158428698,93.88059701492537,high value,test test,M, ,    ,,
1.0,1.0,1,3,0,0,1,0,1,19,50041454,28140.21,0.0,28140.21,47964.41321219868,53.13432835820896,medium value,Ansh TEN,M,M,    ,,
1.0,1.0,1,4,1,1,1,0,1,1845,50043196,65171.84,0.0,65171.84,111084.07021693507,74.17910447761194,high value,Drake willson,M,M,ACCT,,
1.0,1.0,1,0,0,0,1,0,2,19,50044335,237286.69,0.0,237286.69,404450.31678565626,92.08955223880596,high value,NINJA RUL,M,M,    ,,
1.0,1.0,1,0,0,1,1,0,2,19,50044841,198848.23,0.0,198848.23,338932.7467788735,90.44776119402985,high value,Snow Singh,M,M,ACCT,,
1.0,1.0,1,4,0,0,1,0,1,19,50047180,23757.44,0.0,23757.44,40494.07126044963,46.865671641791046,medium value,Stanley Regan Morgan,M,M,ARCH,,
1.0,1.0,1,4,0,0,1,0,1,19,50047247,16833.6,0.0,16833.6,28692.527392257114,36.56716417910448,medium value,Ross TWL,M,M,    ,,
1.0,1.0,1,3,0,0,1,0,1,19,50049002,3480.96,0.0,3480.96,5933.225225225224,12.686567164179104,low value, ramesh,M,S,ACCT,,
0.9651030834264828,0.9651030834264828,1,4,0,1,1,0,1,1694,50050486,5734.4,0.0,5734.4,9433.079367048485,17.91044776119403,low value,twlone client,M, ,    ,,
0.85555675038975,0.85555675038975,1,3,0,0,1,0,1,1814,50000956,35483.17,0.0,35483.17,51744.36192114503,55.07462686567164,medium value,tenone client,M, ,    ,,
1.0,1.0,0,3,0,1,1,0,0,3657,50001483,1072238.72,0.0,1072238.72,1827608.9989448907,99.25373134328358,high value,RTA DONLAD,M,S,    ,,
0.9612567114297048,0.9612567114297048,1,3,0,1,1,0,1,1480,50001605,81327.66,0.0,81327.66,133250.68904106927,76.4179104477612,high value,RTA Ashish,M,S,    ,,
1.0,1.0,1,3,0,1,1,0,2,19,50002193,167421.6,0.0,167421.6,285366.69779818424,88.35820895522389,high value,John RTA,M,M,    ,,
,,1,3,0,0,1,1,1,19,50002569,65600.64,0.0,65600.64,,,high value,Gabriel Goh,M,S,    ,,
1.0,1.0,1,3,0,0,1,0,1,19,50002719,3840.48,0.0,3840.48,6546.019722425127,14.17910447761194,low value,Premium Collection,M,M,    ,,
1.0,1.0,1,4,0,0,1,0,1,19,50002793,11240.32,0.0,11240.32,19158.895868841813,28.955223880597014,low value,Denis Martin,M,M,    ,,
1.0,1.0,1,3,1,0,1,0,1,19,50004332,11402.18,0.0,11402.18,19434.782933029554,30.149253731343283,medium value,Sushmita Tiwari,F,M,    ,,
1.0,1.0,1,4,0,0,1,0,1,1845,50005458,44961.28,0.0,44961.28,76635.58347536725,65.97014925373135,high value,Ethan Hunt,M,M,    ,,
1.0,1.0,1,3,0,0,1,0,2,19,50006464,183183.6,0.0,183183.6,312232.70487669134,89.25373134328358,high value,SIX RUL,M,M,    ,,
1.0,1.0,1,3,0,1,1,0,2,19,50007644,196672.0,0.0,196672.0,335223.4071909747,90.14925373134328,high value,Seth Singh,M,M,    ,,
,,0,3,0,1,1,1,1,1845,50007875,94411.29,0.0,94411.29,,,high value,Test Autoincrease,M,M,    ,,
1.0,1.0,1,3,0,1,1,0,2,384,50010564,140690.52,0.0,140690.52,239804.11789105705,85.67164179104478,high value,Soham Khan,M,S,    ,,
0.9999901123908299,0.9999302078767993,1,4,1,1,1,0,1,1114,50010585,22534.4,11334.4,11200.0,19089.437953889756,27.761194029850746,low value,Ross TWLGeller,M,M,ACCT,,
1.0,1.0,1,3,0,1,1,0,1,19,50011528,28134.4,0.0,28134.4,47954.51018586154,52.98507462686567,medium value,one test,M,S,    ,,
0.9997938798665753,0.9997938798665753,1,4,1,0,1,0,1,1480,50013339,3688.46,0.0,3688.46,6285.608879622949,14.029850746268657,low value,Ross TWLGeller,M,M,    ,,
1.0,1.0,0,3,0,1,0,0,1,19,50013708,61154.24,0.0,61154.24,104236.15307199089,72.68656716417911,high value,NINJA sdfsdf,M,M,    ,,
0.8691525693175004,0.8691525693175004,1,4,0,0,1,0,1,1480,50016400,684.88,0.0,684.88,1014.6173956621783,7.014925373134329,low value,Nishant Saxena,F,M,    ,,
1.0,1.0,1,3,1,0,1,0,2,19,50017098,199605.04,1597.98,198007.06,337498.98969384434,90.29850746268657,high value,Soham Khan,M,M,    ,,
0.9783884957142738,0.8937817041951412,1,3,0,0,1,0,2,1113,50021550,-5010.38,0.0,-5010.38,-8011.469546849076,2.3880597014925375,low value,sdfsf dsfdsf,M,S,ACCT,,
1.0,1.0,0,3,0,1,1,0,2,384,50021856,130654.56,56304.64,74349.92,126727.92012475795,75.3731343283582,high value,NINJA RUL,M,M,    ,,
1.0,1.0,1,4,0,0,1,0,1,19,50034725,20746.88,0.0,20746.88,35362.633227822414,41.64179104477612,medium value,Billing Day BRD Billing Day,M,S,ACCT,,
0.947057583650571,0.947057583650571,1,0,0,1,1,0,1,1480,50034869,84302.4,0.0,84302.4,136084.33220218675,76.86567164179104,high value,neha malhotra,F,M,    ,,
1.0,1.0,1,3,0,1,1,0,1,19,50036494,32642.06,0.0,32642.06,55637.72459186986,58.35820895522388,medium value,fact4 fatca4,M,S,    ,,
1.0,1.0,1,3,0,0,1,0,1,19,50037198,22480.64,0.0,22480.64,38317.79173768363,43.73134328358209,medium value,jai singh,M,M,ACCT,,
0.9999890007717769,0.9999223617263828,1,3,1,1,1,0,1,1114,50037241,16896.83,26753.85,-9857.02,-16800.37134794372,2.2388059701492535,low value,John RTA,M,M,    ,,
1.0,1.0,1,3,1,0,1,0,1,19,50037906,23546.88,0.0,23546.88,40135.17604090577,46.56716417910447,medium value,Go Catherine,F,M,    ,,
1.0,1.0,1,4,0,0,1,0,1,19,50039757,553.28,0.0,553.28,943.0544598652705,6.119402985074627,low value,Snow Drake,M,S,    ,,
1.0,1.0,1,3,0,1,1,0,1,19,50041079,28134.4,0.0,28134.4,47954.51018586154,52.98507462686567,medium value,Virat Kohli,M, ,    ,,
1.0,1.0,1,3,1,0,1,0,1,19,50042373,71978.34,0.0,71978.34,122685.61045166786,75.07462686567165,high value,NINJA RUL,M,M,    ,,
0.9893837040010787,0.9893837040010787,1,0,0,1,1,0,1,10,50044315,32185.75,0.0,32185.75,54277.5440114809,57.01492537313433,medium value,John RTA,M,M,    ,,
1.0,1.0,1,3,0,1,1,0,1,19,50045860,32642.06,0.0,32642.06,55637.72459186986,58.35820895522388,medium value,Alfred Lim,M,M,ACCT,,
0.9856544361587137,0.9856544361587137,0,3,0,0,1,0,1,10,50001467,26452.65,0.0,26452.65,44441.188852481675,49.1044776119403,medium value,Ansh TEN,M,M,ACCT,,
1.0,1.0,0,4,6,1,1,0,1,1845,50001476,84636.16,0.0,84636.16,144260.60611963313,78.65671641791045,high value,rohit kumar,M,S,    ,,
1.0,1.0,1,3,1,1,1,0,1,1845,50001529,10547.4,0.0,10547.4,17977.82788096977,26.71641791044776,low value,A Sharma,M,M,    ,,
1.0,1.0,1,3,0,0,1,0,1,1845,50002301,3890.39,0.0,3890.39,6631.090298068338,14.328358208955224,low value,Snow Singh,M,M,ACCT,,
1.0,1.0,1,3,1,0,1,0,1,1845,50002322,16556.38,420375.0,-403818.62,-688300.5902393706,1.1940298507462688,low value,detailrul client,M, ,    ,,
0.9930546938867311,0.9930546938867311,1,4,0,1,1,0,1,10,50002335,11334.4,0.0,11334.4,19185.075179262003,29.1044776119403,low value,NINJA RUL,M,M,    ,,
0.9842111440545466,0.9842111440545466,1,3,0,0,1,0,2,10,50002530,139105.76,0.0,139105.76,233359.3428819438,85.37313432835822,high value,Scott Fritz,M,M,ANYS,,
,,1,3,0,0,1,1,1,19,50002641,53756.64,0.0,53756.64,,,high value,paul james,M,M,    ,,
0.8815586482388289,0.8815586482388289,1,5,0,0,1,0,1,1480,50005787,29440.32,0.0,29440.32,44236.98688514871,48.80597014925373,medium value,Dennis Salvador,M,S,JUVE,,
1.0,1.0,1,3,0,0,1,0,1,19,50007351,11226.88,0.0,11226.88,19135.98766333901,28.059701492537314,low value,Manoj Sheetal,F,M,    ,,
1.0,1.0,1,3,6,0,1,0,1,19,50007546,5232.28,0.0,5232.28,8918.314396442773,17.313432835820898,low value,Richa Sharma,F,S,ANYS,,
,,1,3,0,1,1,1,1,19,50008124,11334.4,0.0,11334.4,,,high value,Amit Manocha,M,M,ACCT,,
1.0,1.0,1,3,6,0,1,0,2,19,50009603,116775.84,0.0,116775.84,199042.03426206124,82.98507462686567,high value,Nishant Saxena,M,M,    ,,
1.0,1.0,1,3,0,0,1,0,1,19,50010254,9589.61,1427.02,8162.59,13912.967943087875,22.53731343283582,low value,Nishant Saxena,M,M,ACCT,,
0.8933682341135869,0.8933682341135869,0,3,0,0,0,0,1,1694,50012939,42094.08,0.0,42094.08,64097.83041901371,61.940298507462686,high value,sen sdf,M,S,    ,,
0.85555675038975,0.85555675038975,1,3,0,0,1,0,1,1786,50013293,12064.64,0.0,12064.64,17593.611241845727,25.82089552238806,low value,sam virmani,M,M,    ,,
1.0,1.0,1,4,0,0,1,0,1,19,50013931,32504.88,0.0,32504.88,55403.90408362029,57.46268656716418,medium value,Atul verma,M,M,    ,,
1.0,1.0,1,3,0,1,1,0,1,19,50014419,56268.8,0.0,56268.8,95909.02037172308,71.34328358208955,high value,Ram Singh,M,Z,    ,,
0.9998807788527793,0.9998807788527793,1,3,1,0,1,0,2,1694,50014443,186724.16,0.0,186724.16,318229.57286614226,89.70149253731343,high value,John TWL,M,M,    ,,
0.8691525693175004,0.8691525693175004,1,4,0,0,1,0,1,1480,50016398,92.69,0.0,92.69,137.31586030242863,3.731343283582089,low value,Drake Doctor,M,M,ANYS,,
1.0,1.0,1,4,1,0,1,0,1,19,50023840,35794.42,0.0,35794.42,61010.85782838822,60.74626865671642,high value,NINJA RUL,M,M,    ,,
1.0,1.0,1,4,0,1,1,0,1,19,50025218,28134.4,0.0,28134.4,47954.51018586154,52.98507462686567,medium value,Ansh Aggarwal,M,M,ANYS,,
0.947057583650571,0.947057583650571,1,0,0,1,1,0,1,1480,50027732,11685.81,0.0,11685.81,18863.705542091753,27.611940298507463,low value,Ansh Aggarwal,M,M,    ,,
1.0,1.0,1,4,0,0,1,0,1,19,50034451,20746.88,0.0,20746.88,35362.633227822414,41.64179104477612,medium value,babita gupta,F,M,    ,,
1.0,1.0,1,3,0,0,1,0,1,19,50034757,9668.0,0.0,9668.0,16478.90854174638,24.776119402985074,low value,Senior Lee,M,M,    ,,
1.0,1.0,1,3,1,1,1,0,2,3306,50035037,204562.03,56632.78,147929.25,252142.3853329681,86.41791044776119,high value,sd etst,M,S,    ,,
1.0,1.0,1,3,0,0,1,0,1,19,50036472,25961.6,0.0,25961.6,44251.01696290885,48.95522388059702,medium value,Drake Doctor,M,M,    ,,
1.0,1.0,1,3,0,1,1,0,1,19,50040737,50500.8,0.0,50500.8,86077.58217677136,68.80597014925374,high value,Snow Singh,M,M,ACCT,,
1.0,1.0,1,4,0,0,1,0,1,19,50042361,20746.88,0.0,20746.88,35362.633227822414,41.64179104477612,medium value,FACTA FATCA2,M,S,    ,,
0.9944661550329771,0.9944661550329771,1,0,0,1,1,0,2,10,50044319,247385.34,0.0,247385.34,419329.84035072685,92.23880597014926,high value,Sivaldo Rivaldo,M,S,ACCT,,
1.0,1.0,1,3,0,0,1,0,1,1845,50002339,2352.0,0.0,2352.0,4008.935962990017,11.343283582089553,low value,John Srivastava,M,S,    ,,
0.9952757180304811,0.9671259236854103,0,3,0,0,2,0,2,1114,50002453,269751.28,833.33,268917.95,450055.7375564935,93.28358208955224,high value,Ankit Sharma,M, ,    ,,
1.0,1.0,1,3,0,1,1,0,1,19,50002454,82230.4,0.0,82230.4,140160.0373346319,77.61194029850746,high value,Snow Drake,M,S,    ,,
0.9569959157734108,0.9569959157734108,1,2,0,1,1,0,1,1480,50002964,40.32,0.0,40.32,65.769177311633,3.582089552238806,low value,Drake willson,M,M,    ,,
1.0,1.0,1,3,0,1,1,0,1,19,50006767,11787.39,0.0,11787.39,20091.365510539494,31.94029850746269,medium value,PHOUC ##yii88,M,M,ACCT,,
0.9997938798665753,0.9997938798665753,1,4,1,0,1,0,1,1480,50009856,11240.32,0.0,11240.32,19154.946834669056,28.35820895522388,low value,John RTA,M,M,    ,,
0.9999642109723511,0.9998230847913223,1,3,1,0,1,0,1,934,50014354,1996.38,0.0,1996.38,3402.43848591976,10.149253731343283,low value,NINJA RUL,M,M,    ,,
0.958737589923041,0.958737589923041,1,0,0,0,1,0,1,10,50015368,22668.8,0.0,22668.8,37044.18871002484,42.53731343283582,medium value,Snow Drake,M,S,    ,,
0.8067379727456248,0.8067379727456248,1,0,0,0,1,0,1,1480,50015376,5534.88,0.0,5534.88,7610.838573671731,15.522388059701491,low value,detailsrulone client,M, ,    ,,
1.0,1.0,1,3,1,0,1,0,1,370,50023091,1644.0,0.0,1644.0,2802.1644231103687,9.55223880597015,low value,Personal Personal one,M,M,ANYS,,
1.0,1.0,1,3,0,1,1,0,1,19,50023608,3547.34,0.0,3547.34,6046.368579486822,12.985074626865673,low value,Nishant Saxena,M,M,    ,,
1.0,1.0,1,4,0,0,1,0,1,19,50024478,603.9,0.0,603.9,1029.3352160075133,7.164179104477612,low value,Reenon Lim,F,M,    ,,
1.0,1.0,1,3,0,0,1,0,1,19,50025066,19871.41,0.0,19871.41,33870.4124933331,40.44776119402985,medium value,Kumar Rana,M,M,    ,,
1.0,1.0,1,3,0,0,1,0,1,19,50026833,19871.41,0.0,19871.41,33870.4124933331,40.44776119402985,medium value,Gaurav Kumar,M,D,    ,,
1.0,1.0,1,3,0,1,1,0,1,19,50027811,90525.24,0.0,90525.24,154298.42270165918,80.44776119402985,high value,NINJA RUL,M,M,    ,,
0.9999999999542881,0.9999999996773308,1,3,3,1,1,0,0,1114,50033699,2421891.69,0.0,2421891.69,4128064.9204011066,99.70149253731343,high value,Ram Mohan,M,S,ACCT,,
1.0,1.0,1,3,0,0,1,0,1,19,50033703,19871.41,0.0,19871.41,33870.4124933331,40.44776119402985,medium value,Anand Saraiya,M,M,ACCT,,
1.0,1.0,1,4,0,1,1,0,1,19,50034065,22400.0,0.0,22400.0,38180.34250466683,43.43283582089552,medium value, PATHAN MUBARAK USMAN,M, ,    ,,
1.0,1.0,1,4,0,0,1,0,1,19,50034453,20746.88,0.0,20746.88,35362.633227822414,41.64179104477612,medium value, ABAJI PANDIT MARATHE,M, ,    ,,
1.0,1.0,1,3,0,0,1,0,2,19,50037747,304137.63,0.0,304137.63,518396.37865882285,94.6268656716418,high value,Soham Khan,M,M,ACCT,,
1.0,1.0,1,3,0,0,1,0,1,19,50038386,45119.76,0.0,45119.76,76905.70939858777,66.11940298507463,high value,Drake Doctor,M,M,    ,,
1.0,1.0,1,3,0,0,1,0,1,19,50041142,13183.84,0.0,13183.84,22471.586014586013,33.28358208955224,medium value,John Anderson,M,S,    ,,
1.0,1.0,1,3,0,1,1,0,1,19,50041186,84403.2,0.0,84403.2,143863.5305575846,78.35820895522389,high value,John RTA,M,M,    ,,
1.0,1.0,1,3,0,1,1,0,1,19,50041508,56268.8,0.0,56268.8,95909.02037172308,71.34328358208955,high value,John RTA,M,M,    ,,
1.0,1.0,1,3,0,0,1,0,1,19,50041963,10009.77,0.0,10009.77,17061.448526470485,25.07462686567164,low value,Viku Aggarwal,M,M,    ,,
1.0,1.0,1,3,0,1,1,0,1,19,50044873,54423.14,0.0,54423.14,92763.13059729613,70.29850746268657,high value,Benny Lim,M,M,ADAS,,
1.0,1.0,1,4,0,0,1,0,1,19,50047287,2135.08,0.0,2135.08,3639.2002533421446,10.44776119402985,low value,John RTA,M,M,    ,,
1.0,1.0,1,0,0,0,1,0,2,19,50047442,157258.49,0.0,157258.49,268043.8843735144,87.76119402985074,high value,ANSH RUL,M,S,    ,,
1.0,1.0,1,0,0,0,1,0,1,19,50048239,50368.14,0.0,50368.14,85851.46591620577,68.65671641791045,high value,Snow Drake,M,S,    ,,
1.0,1.0,1,0,0,0,1,0,1,19,50048343,10623.98,0.0,10623.98,18108.3569269076,26.865671641791046,low value,John RTA,M,M,    ,,
0.9753036552870304,0.9753036552870304,0,3,0,0,2,0,2,1480,50054238,119904.47,0.0,119904.47,199327.41165760637,83.13432835820895,high value,Ansh TEN,M,M,    ,,
1.0,1.0,1,3,0,1,1,0,1,19,50057852,19473.82,0.0,19473.82,33192.72845867102,39.1044776119403,medium value,Ansh TEN,M,M,    ,,
1.0,1.0,1,3,6,1,1,0,2,3671,50001084,551228.7,16198781.95,-15647553.25,-26670934.930580914,0.7462686567164178,low value,NINJA RUL,M,M,    ,,
1.0,1.0,0,4,0,0,1,0,1,19,50001456,4217.92,0.0,4217.92,7189.3584936287625,14.925373134328357,low value,NINJA RUL,M,M,    ,,
1.0,1.0,1,4,0,0,1,0,1,19,50002357,8050.56,0.0,8050.56,13722.015096177258,22.238805970149254,low value,Drake willson,M,M,    ,,
1.0,1.0,1,3,0,1,1,0,1,19,50002416,44934.4,0.0,44934.4,76589.76706436166,65.67164179104478,high value,Drake Doctor,M,M,    ,,
1.0,1.0,1,3,0,1,1,0,2,19,50002580,133781.76,0.0,133781.76,228028.27757487216,84.92537313432837,high value,RTA Ashish,M,S,    ,,
1.0,1.0,1,3,0,0,1,0,1,19,50003450,4730.88,0.0,4730.88,8063.688336985633,15.970149253731345,low value,Ansh TEN,M, ,    ,,
1.0,1.0,1,3,0,0,1,0,1,19,50005923,42808.64,0.0,42808.64,72966.45256066875,64.4776119402985,high value,Tennewsix Client,M, ,    ,,
1.0,1.0,1,3,0,0,1,0,1,19,50006817,5093.63,0.0,5093.63,8681.988303216343,17.01492537313433,low value,Twlsix Client,M, ,    ,,
1.0,1.0,1,3,1,1,1,0,2,19,50007350,158499.52,0.0,158499.52,270159.19466184324,88.05970149253731,high value,TOY CC21,F,M,    ,,
1.0,1.0,1,3,0,0,1,0,1,19,50007634,11240.32,0.0,11240.32,19158.895868841813,28.955223880597014,low value,Drake Doctor,M,M,    ,,
1.0,1.0,1,3,6,1,1,0,1,19,50011687,84685.44,0.0,84685.44,144344.6028731434,78.80597014925374,high value,asan sajitha,M,M,    ,,
1.0,1.0,1,4,0,1,1,0,2,6958,50011960,206000.0,1650000.32,-1444000.32,-2461269.053323594,1.0447761194029852,low value,one test,M,S,    ,,
1.0,1.0,1,3,6,1,1,0,1,19,50012245,57510.9,0.0,57510.9,98026.15445319837,71.64179104477611,high value,test test TPD New product,M,S,ACCT,,
1.0,1.0,1,3,0,0,1,0,1,19,50012413,78512.7,0.0,78512.7,133823.29361456048,76.56716417910448,high value,Michael Park,M,M,ANYS,,
0.9905949544144672,0.9588994455822063,1,0,0,1,1,0,1,1024,50015128,64052.16,0.0,64052.16,106501.06893528497,73.43283582089552,high value,Sharma Amaamni,F,S,    ,,
1.0,1.0,1,3,0,0,1,0,2,19,50030000,102599.46,0.0,102599.46,174878.68408901177,81.64179104477613,high value,xdfgxdf dsf,M,S,    ,,
1.0,1.0,1,3,0,0,1,0,1,19,50030482,86442.84,0.0,86442.84,147340.05528018362,79.1044776119403,high value,Pal Inder,M,M,    ,,
1.0,1.0,1,4,0,0,1,0,1,19,50030829,47501.44,0.0,47501.44,80965.23431539648,67.61194029850746,high value,Atul Kumar,M,M,    ,,
1.0,1.0,1,0,0,0,1,0,1,19,50034539,46605.05,0.0,46605.05,79437.35586817512,66.71641791044776,high value,John Snow,M,M,    ,,
1.0,1.0,1,3,1,0,1,0,1,19,50044842,6660.82,0.0,6660.82,11353.231650086378,20.597014925373134,low value,Drake willson,M,M,    ,,
1.0,1.0,1,3,0,1,1,0,1,19,50046340,28134.4,0.0,28134.4,47954.51018586154,52.98507462686567,medium value,John RTA,M,M,    ,,
1.0,1.0,1,0,0,1,1,0,1,19,50048339,33801.6,0.0,33801.6,57614.13683954223,59.40298507462687,medium value,Ross TWLGeller,M,M,ACCT,,
1.0,1.0,1,3,0,1,1,0,1,19,50048362,6658.37,0.0,6658.37,11349.055675124931,20.44776119402985,low value,John RTA,M,M,    ,,
1.0,1.0,1,3,0,1,1,0,1,19,50048620,33600.0,0.0,33600.0,57270.51375700024,58.95522388059702,medium value,Drake Doctor,M,M,ANYS,,
1.0,1.0,1,3,0,0,1,0,1,19,50055028,8375.06,0.0,8375.06,14275.118718622094,22.83582089552239,low value,John Jhonson,M,S,    ,,
1.0,1.0,1,0,0,0,1,0,1,19,50059124,15566.09,0.0,15566.09,26532.08248475309,35.223880597014926,medium value,Drake Doctor,M,M,ANYS,,
0.982320252070657,0.9480403041856709,1,4,0,1,1,0,1,1440,50060196,7551.44,0.0,7551.44,12433.615354892248,21.791044776119403,low value,John RTA,M,M,    ,,
1.0,1.0,1,3,1,0,1,0,1,19,50069843,6366.08,0.0,6366.08,10850.85333982631,19.850746268656717,low value, AALAM BALASO MULANI,M, ,    ,,
1.0,1.0,1,3,0,0,1,0,1,19,50070059,441.28,0.0,441.28,752.1527473419364,4.477611940298507,low value,Ansh TEN,M,M,    ,,
1.0,1.0,1,3,0,1,1,0,1,19,50071152,20468.27,0.0,20468.27,34887.748173124855,40.74626865671642,medium value,Ansh TEN,M,M,    ,,
1.0,1.0,1,3,9,1,1,0,2,1389,50001386,822878.62,0.0,822878.62,1402579.8014003383,98.80597014925372,high value,RTA Ashish,M,S,    ,,
0.8691525693175004,0.8691525693175004,1,4,0,0,1,0,1,1662,50001463,21232.27,55050.0,-33817.73,-50099.370896809254,1.9402985074626864,low value,Azxha Anbu,M, ,    ,,
1.0,1.0,1,4,0,1,1,0,1,3306,50002397,84492.8,0.0,84492.8,144016.25192760327,78.50746268656717,high value,Ansh TEN,M,M,ACCT,,
1.0,1.0,1,4,0,0,2,0,1,19,50002725,26149.76,0.0,26149.76,44571.73183994804,49.25373134328358,medium value,NINJA RUL,M,M,    ,,
1.0,1.0,1,4,0,0,2,0,1,2575,50002791,6088.5,0.0,6088.5,10377.723899092141,19.1044776119403,low value,Rultwo Client,M, ,    ,,
1.0,1.0,1,3,0,1,1,0,1,19,50003777,11240.32,0.0,11240.32,19158.895868841813,28.955223880597014,low value,Drake Doctor,M,M,    ,,
0.9576861200478518,0.9576861200478518,0,4,0,0,2,0,1,1480,50004836,34827.52,0.0,34827.52,56850.92628042018,58.656716417910445,medium value,NINJA RUL,M,M,    ,,
1.0,1.0,1,3,0,1,1,0,1,19,50004939,43781.6,0.0,43781.6,74624.84300903219,64.62686567164178,high value,Ross TWL,M,M,    ,,
1.0,1.0,1,3,0,1,1,0,1,19,50005439,11217.92,0.0,11217.92,19120.715526337146,27.91044776119403,low value,nan anbu,M, ,    ,,
1.0,1.0,1,3,1,0,1,0,1,19,50012418,66129.97,0.0,66129.97,112717.18323318491,74.32835820895522,high value,Random 1,M,S,    ,,
1.0,1.0,1,3,0,0,1,0,1,19,50014436,24974.88,0.0,24974.88,42569.17287557828,47.91044776119403,medium value,Ansh TEN,M,M,ACCT,,
0.9828052267319016,0.8847684453188215,1,4,0,0,2,0,1,1114,50019677,87287.0,0.0,87287.0,139275.36285192,77.16417910447761,high value,Ram TEN,M,M,    ,,
1.0,1.0,1,3,0,1,1,0,1,19,50021539,39095.12,0.0,39095.12,66636.83356522546,62.38805970149254,high value,John Carter,M,M,    ,,
1.0,1.0,1,3,0,0,1,0,1,19,50023889,11334.4,0.0,11334.4,19319.25330736141,29.850746268656714,low value,Ming Lu,M, ,ACCT,,
1.0,1.0,1,3,0,0,1,0,1,19,50024827,33462.46,0.0,33462.46,57036.07963610327,58.805970149253724,medium value,john Dennis mani,M,M,BAKE,,
1.0,1.0,1,4,0,0,1,0,1,19,50034437,26346.88,0.0,26346.88,44907.71885398912,49.701492537313435,medium value,Irfan Khan,M,S,    ,,
1.0,1.0,1,3,0,0,1,0,1,19,50038860,34104.17,0.0,34104.17,58129.86122488318,59.85074626865672,medium value,ASDASD SADSAD,M,S,    ,,
,,1,4,0,0,2,1,1,1480,50040280,35947.52,0.0,35947.52,,,high value,Test Partsurrender,M,S,    ,,
1.0,1.0,1,3,0,0,1,0,1,19,50040837,3664.61,0.0,3664.61,6246.25289937621,13.880597014925373,low value,Kevin Roger,M,S,    ,,
1.0,1.0,1,3,0,0,1,0,1,19,50041665,23546.88,0.0,23546.88,40135.17604090577,46.56716417910447,medium value,Shane Warne,M,M,    ,,
1.0,1.0,1,3,1,0,1,0,1,19,50041941,33049.14,0.0,33049.14,56331.58413770913,58.507462686567166,medium value,Beti Kumari,F,S,    ,,
0.9893837040010787,0.9893837040010787,1,0,0,1,1,0,1,10,50044298,90204.8,0.0,90204.8,152119.95998374536,79.70149253731343,high value,John RTA,M,M,    ,,
1.0,1.0,1,0,0,0,1,0,2,19,50044562,157419.54,0.0,157419.54,268318.3908092455,87.91044776119404,high value,John RTA,M,M,    ,,
1.0,1.0,1,3,0,0,1,0,1,19,50053793,4758.74,0.0,4758.74,8111.175137975812,16.119402985074625,low value,John RTA,M,M,ACCT,,
1.0,1.0,1,3,0,0,1,0,1,19,50055147,52989.44,0.0,52989.44,90319.41822903985,69.70149253731344,high value,Ansh Aggarwal,M,M,    ,,
0.9956579814010228,0.985454471723166,1,0,0,1,1,0,1,749,50056743,90540.8,0.0,90540.8,152905.05828357404,79.8507462686567,high value,Sandeep Maheshwari,M,S,    ,,
1.0,1.0,1,3,0,1,1,0,2,19,50060644,150508.06,0.0,150508.06,256537.9143086136,87.31343283582089,high value,Drake Doctor,M,M,    ,,
1.0,1.0,1,3,0,1,1,0,1,19,50060900,45987.2,0.0,45987.2,78384.243162081,66.26865671641791,high value,Kesh TRM,M,M,    ,,
1.0,1.0,1,3,0,1,1,0,1,19,50061046,31234.4,0.0,31234.4,53238.39687177524,56.71641791044776,medium value,Ross TWL,M,M,    ,,
1.0,1.0,1,3,0,0,1,0,1,19,50061580,10510.0,0.0,10510.0,17914.080344823586,26.56716417910448,low value,John RTA,M,S,    ,,
1.0,1.0,1,3,0,0,1,0,1,19,50061660,23542.4,0.0,23542.4,40127.53997240483,45.97014925373134,medium value,Ansh TEN,M,M,    ,,
1.0,1.0,0,4,1,0,1,0,1,384,50068223,3596.84,0.0,3596.84,6130.740318503831,13.134328358208954,low value,LifeAssT2 LifeAssT,M,S,    ,,
1.0,1.0,1,3,0,0,1,0,1,19,50061657,11771.2,0.0,11771.2,20063.769986202416,31.791044776119403,medium value,Drake willson,M,M,    ,,
1.0,1.0,1,3,0,0,1,0,1,19,50061706,23542.4,0.0,23542.4,40127.53997240483,45.97014925373134,medium value,Ansh TEN,M,M,    ,,
1.0,1.0,1,3,0,0,1,0,1,19,50074099,39617.76,0.0,39617.76,67527.66277087899,62.83582089552239,high value,Ansh TEN,M,M,ACCT,,
1.0,1.0,1,0,0,1,1,0,2,19,50076996,228836.05,0.0,228836.05,390046.3735006724,91.94029850746269,high value,detailstwo client,M, ,    ,,
1.0,1.0,1,3,0,0,1,0,1,19,50085241,49778.84,0.0,49778.84,84847.01610200934,68.35820895522387,high value,twlfive client,M, ,    ,,
1.0,1.0,1,4,6,0,1,0,1,1800,50000908,40346.88,0.0,40346.88,68770.43291940588,63.28358208955224,high value,NINJA RUL,M,M,    ,,
1.0,1.0,1,3,0,1,1,0,1,2210,50001745,41592.15,0.0,41592.15,70892.97020113742,63.731343283582085,high value,Drake willson,M,M,    ,,
1.0,1.0,1,3,0,1,1,0,1,19,50002336,41161.12,0.0,41161.12,70158.28836945053,63.582089552238806,high value, 123 'XSS'   script'Hi'/script,M, ,    ,,
1.0,1.0,1,3,0,1,1,0,2,19,50002399,135206.4,0.0,135206.4,230456.54735816893,85.22388059701493,high value,NINJA RUL,M,M,    ,,
1.0,1.0,1,4,0,1,2,0,1,3306,50002667,56268.8,0.0,56268.8,95909.02037172308,71.34328358208955,high value,Drake Doctor,M,M,    ,,
1.0,1.0,1,3,0,0,1,0,1,19,50002688,6656.45,0.0,6656.45,11345.783074338815,20.149253731343283,low value,NINJA RUL,M,M,    ,,
1.0,1.0,1,3,0,1,1,0,1,19,50004350,21057.56,0.0,21057.56,35892.180942525534,41.7910447761194,medium value,John RUL,M,M,    ,,
1.0,1.0,1,4,0,0,2,0,1,19,50004920,56201.6,3948.12,52253.48,89064.9894402124,69.25373134328359,high value,John RUL,M,M,    ,,
1.0,1.0,1,3,0,0,1,0,1,19,50004931,22637.44,0.0,22637.44,38585.05413521629,44.02985074626866,medium value,mlala subham,F,S,ACCT,,
1.0,1.0,1,3,0,1,1,0,1,19,50005205,11334.4,0.0,11334.4,19319.25330736141,29.850746268656714,low value,John RUL,M,M,    ,,
0.9618799006872031,0.9618799006872031,0,5,0,0,2,0,1,1480,50005717,9546.88,0.0,9546.88,15652.154108919647,23.283582089552237,low value,John RUL,M,M,    ,,
,,1,3,0,0,1,1,1,1480,50007364,19626.88,0.0,19626.88,,,high value,Ansh TEN,M,M,    ,,
,,1,3,0,1,1,1,1,1845,50007840,22668.8,0.0,22668.8,,,high value,Drake Doctor,M, ,    ,,
0.85555675038975,0.85555675038975,1,3,0,0,1,0,1,1480,50008231,4661.44,0.0,4661.44,6797.680095484768,14.626865671641792,low value,Ansh TEN,M,M,    ,,
0.9708897752861686,0.8117749715917355,1,3,0,0,1,0,1,1114,50010207,721.02,0.0,721.02,1100.0751019678642,7.462686567164178,low value,Ram Singh,M,S,    ,,
1.0,1.0,1,4,0,0,1,0,1,19,50010376,5290.88,0.0,5290.88,9018.196899602304,17.611940298507463,low value,John Anderson,M,S,ANYS,,
1.0,1.0,1,3,0,0,1,0,2,19,50011568,131944.41,0.0,131944.41,224896.55202572263,84.6268656716418,high value,Ishmeet Singh,M,M,    ,,
0.8691525693175004,0.8691525693175004,1,4,0,0,1,0,1,1480,50016397,684.88,0.0,684.88,1014.6173956621783,7.014925373134329,low value,singh Anhuj,M,M,    ,,
0.8691525693175004,0.8691525693175004,1,4,0,0,1,0,1,1480,50016452,684.88,0.0,684.88,1014.6173956621783,7.014925373134329,low value,Singh Ashu,M,M,    ,,
0.8137207862192262,0.810048021237183,1,4,0,0,1,0,1,1479,50016566,684.88,0.0,684.88,947.866771433654,6.26865671641791,low value,Ashish Sharma,M,S,    ,,
1.0,1.0,1,3,12,0,1,0,1,19,50017262,63500.0,0.0,63500.0,108234.45308242604,73.73134328358208,high value,Amit Manocha,M,M,    ,,
1.0,1.0,0,3,0,0,1,0,1,19,50022636,11230.08,0.0,11230.08,19141.441997982536,28.2089552238806,low value,John RTA,M,M,    ,,
1.0,1.0,1,3,0,0,1,0,1,19,50025316,8358.87,0.0,8358.87,14247.523194285019,22.686567164179106,low value,sharma aditya,M,S,    ,,
0.9965088116843489,0.9756156592303735,1,4,0,1,1,0,2,1114,50027601,119913.62,0.0,119913.62,201643.33373071736,83.43283582089552,high value,Pappu Singh,M,M,    ,,
1.0,1.0,1,3,0,1,1,0,1,19,50033857,43781.97,0.0,43781.97,74625.47366647534,64.77611940298507,high value,John RTA,M,M,    ,,
1.0,1.0,1,4,0,1,1,0,1,6958,50034018,11334.4,0.0,11334.4,19319.25330736141,29.850746268656714,low value,Hema Malini,F,Z,    ,,
1.0,1.0,1,3,0,0,1,0,1,19,50034436,23546.88,0.0,23546.88,40135.17604090577,46.56716417910447,medium value,Harbhajan Singh,M,M,    ,,
1.0,1.0,1,3,0,1,1,0,2,19,50038875,271195.2,0.0,271195.2,462246.6795366795,93.73134328358209,high value,Nishant Saxena,M,M,    ,,
1.0,1.0,1,3,0,0,1,0,1,19,50038933,3657.52,0.0,3657.52,6234.168139181652,13.582089552238804,low value,Mahesh Jakar,M,M,    ,,
1.0,1.0,1,3,0,1,1,0,1,19,50041342,32642.06,0.0,32642.06,55637.72459186986,58.35820895522388,medium value,James Watson,M,M,    ,,
1.0,1.0,1,0,0,0,1,0,2,19,50048228,134519.76,0.0,134519.76,229286.18350203484,85.07462686567165,high value,Akash Srivastava,M,S,    ,,
1.0,1.0,1,3,0,1,1,0,2,19,50048349,112537.6,0.0,112537.6,191818.04074344615,82.53731343283583,high value,Drake willson,M,M,    ,,
1.0,1.0,1,3,0,1,1,0,2,19,50002499,413266.56,0.0,413266.56,704404.4110056001,97.01492537313433,high value,FATCA1 FATCA1,M,S,    ,,
1.0,1.0,1,4,0,1,2,0,2,6958,50002670,216554.56,0.0,216554.56,369112.8246315813,91.04477611940298,high value,sdsf asd,M,S,    ,,
1.0,1.0,1,3,0,1,1,0,2,1845,50002782,152728.32,161924200.3,-161771471.9,-275736169.8493788,0.44776119402985076,low value,sdfas sfse,M,S,    ,,
1.0,1.0,1,3,0,0,1,0,1,19,50004133,44843.32,0.0,44843.32,76434.52306457036,65.5223880597015,high value,Sonu Aggarwal,M,M,DOCT,,
1.0,1.0,1,4,0,0,1,0,1,19,50004816,89922.56,1934.16,87988.4,149974.4307338226,79.55223880597015,high value,Meenu Aggarwal,F,M,    ,,
0.9612567114297048,0.9612567114297048,1,3,0,1,1,0,1,1480,50004985,55681.68,0.0,55681.68,91231.22719827824,70.0,high value,Ross TWL,M,M,    ,,
1.0,1.0,1,3,6,1,1,0,1,19,50005790,46210.15,0.0,46210.15,78764.25688357276,66.4179104477612,high value,sdfsd asdsa,M,S,    ,,
1.0,1.0,1,3,0,0,1,0,1,19,50006135,29795.42,0.0,29795.42,50785.684851357146,54.179104477611936,medium value,Drake Doctor,M,M,    ,,
1.0,1.0,1,3,6,1,1,0,1,19,50008252,14362.8,0.0,14362.8,24481.09925562628,34.179104477611936,medium value,Peter Parker,M,S,    ,,
1.0,1.0,1,3,0,0,1,0,1,19,50009598,49076.62,0.0,49076.62,83650.09645407955,68.05970149253731,high value,Ansh Aggarwal,M,M,    ,,
1.0,1.0,1,3,0,0,1,0,1,1845,50009826,11240.32,0.0,11240.32,19158.895868841813,28.955223880597014,low value,NINJA RUL,M,M,    ,,
1.0,1.0,1,3,0,0,1,0,2,19,50010612,144295.47,0.0,144295.47,245948.68153892306,85.97014925373134,high value,Drake willson,M,M,    ,,
0.9999999995545769,0.9999999995545769,1,4,3,0,1,0,1,1540,50011257,26285.09,0.0,26285.09,44802.3990410258,49.40298507462686,medium value,NINJA RUL,M,M,    ,,
1.0,1.0,1,3,0,0,1,0,1,19,50011481,95732.2,0.0,95732.2,163173.57967523506,80.8955223880597,high value,Tennewtwo client,M, ,    ,,
1.0,1.0,0,0,0,0,1,0,1,19,50015304,517.44,0.0,517.44,881.9659118578038,5.3731343283582085,low value,NINJA RUL,M,M,    ,,
1.0,1.0,1,3,0,0,1,0,1,19,50026185,3480.96,0.0,3480.96,5933.225225225224,12.686567164179104,low value,Ankur Singh,M,S,    ,,
1.0,1.0,1,4,0,1,1,0,1,19,50028489,56268.8,25120.0,31148.8,53092.49342006098,56.4179104477612,medium value,Ashok Kumar,M,M,    ,,
1.0,1.0,1,3,0,0,1,0,1,19,50029342,30072.0,0.0,30072.0,51257.109812515206,54.92537313432836,medium value,ON Testing,M,S,    ,,
1.0,1.0,1,3,0,1,1,0,1,19,50033448,11377.72,0.0,11377.72,19393.09136259812,30.0,high value,Arpit Agarwal,M,M,    ,,
1.0,1.0,1,3,0,0,1,0,1,19,50033748,60737.76,0.0,60737.76,103526.27141813628,72.53731343283583,high value,John RTA,M,M,    ,,
1.0,1.0,1,3,0,0,1,0,1,19,50034390,29950.41,0.0,29950.41,51049.86214085706,54.328358208955216,medium value,mishra aditya,M,S,    ,,
1.0,1.0,1,3,0,0,1,0,1,19,50034640,450.24,0.0,450.24,767.4248843438031,4.626865671641791,low value,John RTA,M,M,    ,,
1.0,1.0,1,3,1,0,1,0,2,19,50038411,148533.42,0.0,148533.42,253172.18075846115,86.71641791044776,high value,Drake Doctor,M,M,ANYS,,
1.0,1.0,1,3,0,1,1,0,2,19,50040035,225075.2,0.0,225075.2,383636.0814868923,91.19402985074628,high value,John RTA,M,M,    ,,
1.0,1.0,1,3,0,0,1,0,1,19,50040683,1202.88,0.0,1202.88,2050.2843925006086,8.656716417910449,low value,Drake Doctor,M,M,ANYS,,
1.0,1.0,1,3,0,1,1,0,1,19,50040849,62137.6,0.0,62137.6,105912.27010794578,73.28358208955224,high value,Ross TWLGeller,M,M,    ,,
1.0,1.0,1,3,0,0,1,0,1,19,50042511,122.4,0.0,122.4,208.62830011478658,3.880597014925373,low value,Rana Singh,M,M,    ,,
0.9783296106639796,0.9783296106639796,1,0,0,0,1,0,2,10,50044913,212211.34,0.0,212211.34,353871.5005990402,90.74626865671642,high value,Ansh Aggarwal,M,M,    ,,
1.0,1.0,1,3,0,0,1,0,1,19,50047876,16833.6,0.0,16833.6,28692.527392257114,36.56716417910448,medium value,kliuyt Sonal,M,S,ADAS,,
1.0,1.0,1,3,0,0,1,0,1,19,50053365,545.44,0.0,545.44,929.6913399886373,5.6716417910447765,low value,Ansh Aggarwal,M,M,    ,,
1.0,1.0,1,3,0,0,1,0,1,19,50053928,39688.1,0.0,39688.1,67647.55586426193,62.98507462686567,high value, DINESH RAMADASAJI SAWARAKAR,F, ,    ,,
1.0,1.0,1,3,0,0,1,0,1,1845,50054862,3503.36,0.0,3503.36,5971.405567729891,12.835820895522387,low value,John RTA,M,M,    ,,
1.0,1.0,0,3,0,1,1,0,2,1845,50000811,187143.04,0.0,187143.04,318981.48948948947,89.8507462686567,high value,RTA Ashish,M,S,    ,,
0.9955269036683696,0.9802856292758194,1,3,0,1,2,0,1,994,50002103,1691.2,0.0,1691.2,2848.8012257333503,9.701492537313433,low value,John RTA,M,M,    ,,
1.0,1.0,1,3,0,1,1,0,1,19,50002305,22668.8,0.0,22668.8,38638.50661472282,44.17910447761194,medium value,siva Anbu,M,M,    ,,
1.0,1.0,1,3,0,1,1,0,1,19,50002410,33801.6,0.0,33801.6,57614.13683954223,59.40298507462687,medium value,Drake willson,M,M,    ,,
0.9930546938867311,0.9930546938867311,1,4,0,1,1,0,1,10,50002413,22534.4,0.0,22534.4,38142.65934849324,43.28358208955223,medium value,Ansh TEN,M,M,    ,,
,,1,3,0,0,1,1,2,19,50002533,302480.64,0.0,302480.64,,,high value,John RTA,M,M,    ,,
1.0,1.0,1,3,0,1,1,0,1,19,50002678,14828.8,0.0,14828.8,25275.386738089437,34.776119402985074,medium value,Snow Singh,M,M,ACCT,,
1.0,1.0,1,3,0,1,1,0,1,19,50002689,82230.4,0.0,82230.4,140160.0373346319,77.61194029850746,high value,NINJA RUL,M,M,    ,,
1.0,1.0,1,3,0,0,1,0,1,19,50005234,76716.88,0.0,76716.88,130762.35510220645,76.26865671641792,high value,Ansh Aggarwal,M,M,    ,,
0.996117074021676,0.9729116764783402,1,3,0,1,1,0,2,1114,50007083,264866.56,0.0,264866.56,444718.1551293209,93.13432835820895,high value,NINJA RUL,M,M,    ,,
1.0,1.0,1,3,0,0,1,0,1,19,50007289,30042.01,0.0,30042.01,51205.99247002794,54.77611940298508,medium value,Ross TWL,M,M,    ,,
1.0,1.0,1,3,0,0,1,0,1,19,50008125,23573.76,0.0,23573.76,40180.99245191136,46.71641791044776,medium value,trmtwo client,M, ,    ,,
1.0,1.0,1,4,0,0,2,0,1,4402,50010985,4645.76,0.0,4645.76,7918.603035467901,15.671641791044777,low value,NINJA RUL,M,M,    ,,
0.9998574513297802,0.9996513605785065,1,4,1,0,1,0,1,1174,50011246,4244.09,7684.84,-3440.75,-5863.276571032227,2.5373134328358207,low value,Drake willson,M,M,    ,,
1.0,1.0,1,3,1,0,1,0,1,19,50011626,22425.33,0.0,22425.33,38223.51697232947,43.582089552238806,medium value,TRM TRM,M,M,    ,,
1.0,1.0,1,3,0,0,1,0,1,19,50012547,10828.16,0.0,10828.16,18456.377566755942,27.164179104477608,low value,Ansh TEN,M,M,    ,,
1.0,1.0,1,3,0,1,1,0,2,19,50013138,560134.4,0.0,560134.4,954737.6446716987,98.05970149253731,high value,Off VPMS,M,M,    ,,
1.0,1.0,1,3,5,1,1,0,2,19,50014124,112134.4,0.0,112134.4,191130.7945783621,82.38805970149254,high value,Robin Williams,F,M,    ,,
1.0,1.0,1,4,0,1,1,0,1,1845,50015504,50809.78,0.0,50809.78,86604.2322761951,68.95522388059702,high value,Nishant Saxena,M,M,    ,,
1.0,1.0,1,3,0,1,1,0,1,19,50023890,58672.0,0.0,58672.0,100005.22568900947,71.94029850746269,high value,Chawla Rahul,M,M,    ,,
1.0,1.0,1,3,0,0,1,0,1,19,50025279,19871.41,0.0,19871.41,33870.4124933331,40.44776119402985,medium value,Grover Atul,M,M,    ,,
,,1,3,0,0,1,1,1,1114,50026634,16771.44,0.0,16771.44,,,high value,sinha singh,M,S,    ,,
1.0,1.0,1,4,0,1,1,0,1,19,50033698,10000.0,0.0,10000.0,17044.795761011974,24.925373134328357,low value,Mohit Goel,M,M,    ,,
1.0,1.0,1,4,0,1,1,0,2,7324,50033765,-100715.78,0.0,-100715.78,-171667.99000110145,1.6417910447761193,low value,Atul Singh,M,M,    ,,
1.0,1.0,1,3,0,1,1,0,2,19,50034522,293716.32,0.0,293716.32,500633.4686076037,94.17910447761194,high value,Gaurav Manocha,M,M,    ,,
0.9999886033707706,0.9999886033707706,1,3,1,1,1,0,1,10,50034551,11801.44,0.0,11801.44,20115.08420181451,32.08955223880597,medium value,Ansh Aggarwal,M,M,    ,,
1.0,1.0,1,0,0,0,1,0,1,19,50035080,2158.83,0.0,2158.83,3679.681643274548,10.597014925373134,low value,Kavin Parker,M,M,    ,,
1.0,1.0,1,3,0,0,1,0,1,19,50035508,85101.98,0.0,85101.98,145054.5867957726,78.95522388059702,high value,John RTA,M,M,    ,,
1.0,1.0,1,3,1,0,1,0,1,19,50037563,22249.83,0.0,22249.83,37924.38080672371,43.134328358208954,medium value,John RTA,M,M,    ,,
1.0,1.0,1,3,1,0,1,0,1,19,50047786,4298.09,0.0,4298.09,7326.006621244796,15.37313432835821,low value,Bhanu Bhanu,M,S,    ,,
1.0,1.0,1,3,0,0,1,0,1,19,50048768,18927.36,0.0,18927.36,32261.29854951476,38.50746268656716,medium value,axtre Bonga,M,S,ACCT,,
0.9925451835359855,0.9485518287522153,1,3,0,1,1,0,1,1114,50051926,4024.58,0.0,4024.58,6664.974127015064,14.477611940298507,low value,John Snow,M,M,ACCT,,
1.0,1.0,1,3,0,0,1,0,2,3671,50000847,186468.11,0.0,186468.11,317831.08508919145,89.55223880597015,high value,Drake willson,M,M,    ,,
1.0,1.0,1,3,0,0,1,0,1,1845,50002352,16151.76,0.0,16151.76,27530.34503808828,35.373134328358205,medium value,Nitin Gupta,M,M,    ,,
,,1,3,0,0,1,1,1,19,50002489,48096.12,0.0,48096.12,,,high value,Frankilin Remo,M,M,AFST,,
,,1,3,0,0,1,1,1,1480,50003418,20397.44,0.0,20397.44,,,high value, AABA TOTARAM PAWAR,M,S,    ,,
1.0,1.0,1,3,0,0,1,0,1,19,50005438,9589.61,0.0,9589.61,16345.294387775806,24.328358208955223,low value,Kesh TRM,M,M,    ,,
1.0,1.0,1,3,1,0,1,0,2,7324,50006973,257524.2,0.0,257524.2,438944.7392518,92.6865671641791,high value,John RTA,M,M,    ,,
1.0,1.0,1,3,0,0,1,0,1,19,50007296,30042.01,0.0,30042.01,51205.99247002794,54.77611940298508,medium value,Paul Newman,M,M,    ,,
1.0,1.0,1,3,6,0,1,0,1,19,50007375,60084.02,0.0,60084.02,102411.98494005587,72.38805970149254,high value,RTA DONLAD,M,S,    ,,
1.0,1.0,1,3,0,0,1,0,1,19,50007631,9589.61,0.0,9589.61,16345.294387775806,24.328358208955223,low value,Bruce Wayne,M,S,    ,,
,,1,3,0,0,1,1,1,1845,50009839,31308.0,0.0,31308.0,,,high value,NINJA RUL,M,M,    ,,
1.0,1.0,1,4,3,0,1,0,1,19,50010709,11034.24,0.0,11034.24,18807.636717798876,27.46268656716418,low value,Test 1 anu,M,M,ACCT,,
0.85555675038975,0.85555675038975,1,3,0,0,1,0,1,1694,50012114,17722.88,0.0,17722.88,25844.903851742187,35.07462686567165,medium value,Batch Sample,M, ,    ,,
1.0,1.0,1,3,0,0,1,0,2,1845,50016223,-1423.64,0.0,-1423.64,-2426.5653037207094,3.134328358208955,low value,Drake willson,M,M,    ,,
1.0,1.0,1,3,0,1,1,0,1,19,50019244,6552.38,0.0,6552.38,11168.397884853965,20.0,low value,Ansh TEN,M,M,ACCT,,
1.0,1.0,1,4,0,1,1,0,1,19,50025064,6294.4,0.0,6294.4,10728.676243811376,19.701492537313435,low value,Ansh TEN,M,M,ACCT,,
1.0,1.0,1,3,0,0,1,0,1,1845,50036374,37083.84,0.0,37083.84,63208.64788340463,61.791044776119406,high value,Ross TWL,M,M,    ,,
1.0,1.0,1,3,0,1,1,0,1,19,50040738,84168.0,0.0,84168.0,143462.6369612856,77.91044776119404,high value,Manav Aggarwal,M,M,    ,,
1.0,1.0,1,3,0,0,1,0,1,19,50040912,10194.35,0.0,10194.35,17376.061366627244,25.522388059701495,low value,BOSCO DON,M,M,    ,,
1.0,1.0,1,4,0,0,1,0,1,19,50047273,16833.6,0.0,16833.6,28692.527392257114,36.56716417910448,medium value,Nishant Saxena,M,M,    ,,
1.0,1.0,1,3,0,0,1,0,1,19,50049992,2320.64,0.0,2320.64,3955.483483483483,11.194029850746269,low value,Nishant Saxena,M,M,    ,,
1.0,1.0,1,3,0,0,1,0,1,19,50050270,18927.36,0.0,18927.36,32261.29854951476,38.50746268656716,medium value,Shambhu Nath,M,M,    ,,
0.996117074021676,0.9729116764783402,1,3,0,1,1,0,2,1114,50052525,386638.24,0.0,386638.24,649176.1164385856,96.56716417910448,high value,Ansh Aggarwal,M,M,    ,,
0.9862873413906983,0.9071349203233963,1,4,0,0,1,0,2,1114,50052950,180450.0,0.0,180450.0,291763.24395412544,88.80597014925374,high value,vikas malhotra,M,M,ACCT,,
0.9708897752861686,0.8117749715917355,1,3,0,0,1,0,1,1114,50053077,18380.13,0.0,18380.13,28042.943862767468,35.67164179104478,medium value,John RTA,M,M,    ,,
1.0,1.0,1,3,0,0,1,0,1,19,50054977,20073.49,0.0,20073.49,34214.853726071626,40.59701492537313,medium value,John RTA,M,M,ANYS,,
1.0,1.0,1,3,0,1,1,0,2,19,50059187,190166.26,0.0,190166.26,324134.50623355014,90.0,high value,Ansh Aggarwal,M,M,    ,,
1.0,1.0,1,3,0,1,1,0,2,19,50059418,127239.09,0.0,127239.09,216876.4301867021,84.4776119402985,high value,Atul Kumar,M,M,    ,,
,,1,3,0,0,1,1,1,19,50059713,18422.74,0.0,18422.74,,,high value,James Simone,M,S,ADAS,,
1.0,1.0,1,3,0,1,1,0,1,19,50060615,61868.8,0.0,61868.8,105454.10599788977,73.13432835820896,high value,Ravish Singh,M,M,    ,,
1.0,1.0,1,3,0,0,1,0,1,19,50061314,56268.8,0.0,56268.8,95909.02037172308,71.34328358208955,high value,RECAL XMUSP,M,M,    ,,
1.0,1.0,1,3,0,1,1,0,1,19,50061404,61268.8,0.0,61268.8,104431.41825222905,72.83582089552239,high value,Drake Doctor,M,M,    ,,
1.0,1.0,1,3,0,0,1,0,1,19,50061656,23542.4,0.0,23542.4,40127.53997240483,45.97014925373134,medium value,John Anderson,M,S,    ,,
1.0,1.0,1,3,0,0,1,0,1,19,50061808,11771.2,0.0,11771.2,20063.769986202416,31.791044776119403,medium value,Vikas A?ggarwal,M,M,    ,,
1.0,1.0,1,4,1,0,1,0,1,19,50072010,10415.0,0.0,10415.0,17752.15478509397,26.268656716417908,low value,NINJA RUL,M,M,    ,,
0.9996970325059157,0.9996903848207616,1,4,1,0,1,0,1,1479,50072278,11664.8,0.0,11664.8,19876.326697970195,30.597014925373134,medium value,Ansh TEN,M,M,    ,,
1.0,1.0,1,0,12,0,1,0,1,19,50075661,2168.32,0.0,2168.32,3695.857154451749,10.746268656716417,low value,SHARMA MOHIT,M,S,    ,,
1.0,1.0,1,3,0,1,1,0,2,19,50077286,560000.0,0.0,560000.0,954508.5626166706,97.61194029850746,high value,John RTA,M,M,    ,,
1.0,1.0,1,3,0,1,1,0,2,6958,50078503,165802.02,470942869.1,-470777067.1,-802429895.7687731,0.2985074626865672,low value,Ross TWL,M,M,    ,,
1.0,1.0,1,3,0,1,1,0,1,19,50079512,22993.6,0.0,22993.6,39192.1215810405,44.92537313432835,medium value,jai singh,M,M,    ,,
1.0,1.0,1,0,0,0,1,0,1,19,50085571,4161.92,0.0,4161.92,7093.907637367096,14.776119402985074,low value,Soham Khan,M,S,    ,,
1.0,1.0,1,4,0,1,1,0,1,19,50052159,39200.0,0.0,39200.0,66815.59938316695,62.537313432835816,high value,Anthony Lim,M,M,    ,,
1.0,1.0,1,3,0,0,1,0,1,19,50054449,9435.37,0.0,9435.37,16082.395457957959,23.88059701492537,low value,John RTA,M,M,    ,,
1.0,1.0,1,3,0,1,1,0,2,19,50060989,312578.4,0.0,312578.4,532783.4987303906,94.77611940298507,high value,Drake Doctor,M,M,    ,,
1.0,1.0,1,3,0,0,1,0,1,19,50061458,10510.0,0.0,10510.0,17914.080344823586,26.56716417910448,low value,Drake Doctor,M,M,    ,,
1.0,1.0,1,3,0,0,1,0,1,19,50061648,23542.4,0.0,23542.4,40127.53997240483,45.97014925373134,medium value,Ross TWL,M,M,    ,,
1.0,1.0,1,3,0,0,1,0,1,19,50068121,47093.76,0.0,47093.76,80270.35208181154,67.46268656716417,high value,NINJA RUL,M,M,    ,,
1.0,1.0,1,3,0,0,1,0,1,19,50068328,59962.81,0.0,59962.81,102205.38497063665,72.23880597014926,high value,NINJA RUL,M,M,    ,,
1.0,1.0,1,3,0,1,1,0,2,19,50070792,257702.18,0.0,257702.18,439248.1025267545,92.83582089552239,high value,NINJA RUL,M,M,    ,,
1.0,1.0,1,3,0,1,1,0,1,19,50071297,27517.92,0.0,27517.92,46903.732616786656,50.44776119402985,medium value,John RUL,M,M,    ,,
1.0,1.0,1,3,1,0,1,0,1,19,50077075,32510.86,0.0,32510.86,55414.09687148538,57.611940298507456,medium value,John RUL,M,M,    ,,
0.8691334006129927,0.8691334006129927,1,0,0,0,2,0,1,1480,50078126,5985.28,0.0,5985.28,8866.714277196044,17.16417910447761,low value,SVSPCss AUXDEss,M,S,ACCT,,
1.0,1.0,1,3,0,1,1,0,1,19,50079548,84000.0,0.0,84000.0,143176.2843925006,77.76119402985074,high value,Rivaldoss Rivaldoss,M,S,ACCT,,
0.9897519932863902,0.9298691656536784,1,0,0,1,1,0,1,1114,50081708,78400.0,0.0,78400.0,128451.32923644158,75.97014925373135,high value, TESTING_CLIENT,M, ,DOCT,,
1.0,1.0,1,3,0,1,1,0,2,19,50082824,148000.0,0.0,148000.0,252262.97726297722,86.56716417910447,high value,Ram TEN,M,M,    ,,
0.9944661550329771,0.9944661550329771,1,0,0,1,1,0,2,10,50044326,134382.88,0.0,134382.88,227785.3312418225,84.77611940298507,high value,madhu madhan,M,M,    ,,
1.0,1.0,1,3,0,0,1,0,1,19,50047759,2422.57,0.0,2422.57,4129.221086675479,11.492537313432836,low value,Drake Doctor,M,M,    ,,
1.0,1.0,1,3,0,0,1,0,1,19,50054671,18001.3,0.0,18001.3,30682.84819327049,37.76119402985075,medium value,agent Test,M, ,    ,,
1.0,1.0,1,4,0,0,1,0,1,19,50054934,22034.88,0.0,22034.88,37558.00292184076,42.83582089552239,medium value,RTA Ashish,M,S,    ,,
1.0,1.0,1,3,0,1,1,0,1,19,50057984,28134.4,0.0,28134.4,47954.51018586154,52.98507462686567,medium value,Ansh TEN,M,M,    ,,
1.0,1.0,1,3,0,0,1,0,2,19,50060336,127239.09,0.0,127239.09,216876.4301867021,84.4776119402985,high value,NINJA RUL,M,M,    ,,
1.0,1.0,1,3,0,1,1,0,2,19,50060708,254478.18,0.0,254478.18,433752.8603734042,92.53731343283582,high value,John RUL,M,M,    ,,
0.9698540318314948,0.9698540318314948,1,3,0,0,1,0,1,10,50061557,1767.36,0.0,1767.36,2921.616434162336,9.850746268656717,low value,John RUL,M,M,    ,,
1.0,1.0,1,3,0,1,1,0,1,19,50061621,30934.4,0.0,30934.4,52727.052998944884,55.970149253731336,medium value,Ansh TEN,M,M,    ,,
1.0,1.0,1,3,0,0,1,0,1,19,50061879,23542.4,0.0,23542.4,40127.53997240483,45.97014925373134,medium value,Scott2 Fritz2,M,M,    ,,
1.0,1.0,1,3,0,0,1,0,1,19,50061910,11771.2,0.0,11771.2,20063.769986202416,31.791044776119403,medium value,NINJA RUL,M,M,    ,,
1.0,1.0,1,4,0,0,1,0,1,19,50064311,52598.0,0.0,52598.0,89652.21674377078,69.40298507462687,high value,NINJA RUL,M,M,    ,,
1.0,1.0,1,3,0,1,1,0,1,19,50068345,50268.8,0.0,50268.8,85682.14291511588,68.50746268656717,high value,Ansh TEN,M,M,ACCT,,
,,1,3,0,0,1,1,1,19,50071526,8366.9,0.0,8366.9,,,high value, CLIENT_TESTING,M, ,    ,,
0.9996970325059157,0.9996903848207616,1,4,1,0,1,0,1,1479,50072287,11664.8,0.0,11664.8,19876.326697970195,30.597014925373134,medium value,NINJA RUL,M,M,    ,,
1.0,1.0,1,3,0,0,1,0,1,19,50081339,2089.92,0.0,2089.92,3562.225955685415,10.298507462686567,low value,ROBIN SHARMA,M, ,    ,,
1.0,1.0,1,3,0,0,1,0,1,19,50081670,3629.92,0.0,3629.92,6187.124502881259,13.28358208955224,low value,NINJA RUL,M,M,    ,,
1.0,1.0,1,3,0,1,1,0,1,19,50046352,12847.57,0.0,12847.57,21898.42066753046,32.6865671641791,medium value,rulfour client,M, ,    ,,
1.0,1.0,1,0,0,0,1,0,1,19,50048340,5093.1,0.0,5093.1,8681.08492904101,16.865671641791042,low value,NINJA RUL,M,M,    ,,
1.0,1.0,1,3,0,1,1,0,1,19,50049172,30800.0,0.0,30800.0,52497.97094391688,55.37313432835821,medium value,John RTA,M,M,    ,,
1.0,1.0,1,3,0,1,1,0,2,19,50054647,302400.0,0.0,302400.0,515434.62381300214,94.47761194029852,high value,Snow Drake,M,S,    ,,
1.0,1.0,1,3,0,1,1,0,2,19,50059407,127239.09,0.0,127239.09,216876.4301867021,84.4776119402985,high value,NINJA RUL,M,M,    ,,
1.0,1.0,1,3,0,0,1,0,2,19,50060657,103727.92,0.0,103727.92,176802.12111145892,81.7910447761194,high value,Drake Doctor,M,M,    ,,
1.0,1.0,1,3,0,0,1,0,1,19,50060754,28134.4,0.0,28134.4,47954.51018586154,52.98507462686567,medium value,Drake Doctor,M,M,    ,,
1.0,1.0,1,3,0,0,1,0,1,19,50062216,475.95,0.0,475.95,811.247054245365,5.223880597014925,low value,John RUL,M,M,    ,,
1.0,1.0,1,3,0,0,1,0,1,19,50062275,16840.98,0.0,16840.98,28705.106451528743,37.014925373134325,medium value,NINJA RUL,M,M,    ,,
1.0,1.0,1,3,0,0,1,0,1,19,50064385,10224.92,0.0,10224.92,17428.167307268657,25.671641791044774,low value,John RUL,M,M,    ,,
,,1,4,0,0,1,1,1,17,50069119,5281.92,0.0,5281.92,,,high value,John RUL,M,M,    ,,
1.0,1.0,1,3,0,1,1,0,2,165,50078414,806400.0,0.0,806400.0,1374492.3301680055,98.65671641791045,high value,John RTA,M,S,    ,,
1.0,1.0,1,3,0,0,1,0,1,19,50081134,44247.9,0.0,44247.9,75419.64183536818,65.22388059701493,high value,NINJA RUL,M,M,    ,,
0.9829668478677855,0.943793017846392,1,0,0,0,1,0,1,749,50085466,6100.0,0.0,6100.0,10026.280597295941,18.35820895522388,low value,Ross TWL,M,M,    ,,
1.0,1.0,1,4,0,0,1,0,1,19,50047267,16833.6,0.0,16833.6,28692.527392257114,36.56716417910448,medium value,Rivaldoss Rivaldoss,M,S,ACCT,,
1.0,1.0,1,3,0,0,1,0,1,19,50047848,19809.97,0.0,19809.97,33765.68926817744,39.850746268656714,medium value,Batch Kathir,M,M,    ,,
1.0,1.0,1,0,0,0,1,0,1,19,50048332,53103.06,0.0,53103.06,90513.08119847646,69.85074626865672,high value,Sawram Chimba,M,M,    ,,
1.0,1.0,1,3,0,1,1,0,2,19,50048729,156800.0,0.0,156800.0,267262.3975326678,87.61194029850746,high value,Drake Doctor,M,M,    ,,
1.0,1.0,1,3,0,0,1,0,1,19,50052666,25125.18,0.0,25125.18,42825.35615586629,48.208955223880594,medium value,Twlone Client,M, ,    ,,
1.0,1.0,1,3,0,0,1,0,1,19,50054801,21123.86,0.0,21123.86,36005.18793842105,41.940298507462686,medium value,NINJA RUL,M,M,    ,,
0.9999200444776678,0.9999200444776678,1,0,1,1,1,0,1,1480,50056658,22993.6,0.0,22993.6,39188.98795448817,44.32835820895523,medium value,NINJA RUL,M,M,    ,,
1.0,1.0,1,3,1,0,1,0,1,19,50059966,759.36,0.0,759.36,1294.3136109082054,7.611940298507462,low value,Drake Doctor,M,M,    ,,
1.0,1.0,1,3,0,0,1,0,1,19,50060260,12312.46,0.0,12312.46,20986.33660156295,32.23880597014925,medium value,Ansh TEN,M,M,    ,,
1.0,1.0,1,3,0,0,1,0,1,19,50060323,28134.4,0.0,28134.4,47954.51018586154,52.98507462686567,medium value,NINJA RUL,M,M,    ,,
1.0,1.0,1,0,0,1,1,0,2,19,50060818,313510.06,0.0,313510.06,534371.494172261,95.07462686567165,high value,Ram TEN,M,M,    ,,
1.0,1.0,1,3,0,1,1,0,2,19,50061732,328094.39,0.0,328094.39,559230.186788381,95.67164179104478,high value,John RTA,M,M,    ,,
1.0,1.0,1,3,0,1,1,0,1,19,50062203,56268.8,0.0,56268.8,95909.02037172308,71.34328358208955,high value,John RTA,M,M,    ,,
0.9999477880591661,0.9999477880591661,1,4,1,1,1,0,1,1480,50068031,29102.64,0.0,29102.64,49602.2655248458,53.73134328358209,medium value,Bhim Sen,M,S,    ,,
0.9996970325059157,0.9996903848207616,1,4,1,0,1,0,1,1479,50072279,11664.8,0.0,11664.8,19876.326697970195,30.597014925373134,medium value,Soma Mani,M,M,    ,,
1.0,1.0,1,0,0,0,1,0,1,19,50075659,1809.92,0.0,1809.92,3084.9716743770796,10.0,low value,Ross TWL,M,M,    ,,
1.0,1.0,1,0,0,0,1,0,1,19,50077117,68686.24,0.0,68686.24,117074.29323918512,74.4776119402985,high value,TESTTARGET2 PS,M, ,    ,,
0.9783296106639796,0.9783296106639796,1,0,0,0,1,0,2,10,50077868,333383.68,0.0,333383.68,555931.5685807846,95.52238805970148,high value,RTA Ashish,M,S,    ,,
1.0,1.0,1,3,0,0,1,0,2,19,50085279,317936.64,0.0,317936.64,541916.509374239,95.3731343283582,high value,Scott Fritz,M,M,    ,,
1.0,1.0,1,3,0,1,1,0,1,19,50071543,22993.6,0.0,22993.6,39192.1215810405,44.92537313432835,medium value,Gcstwo Client,M, ,    ,,
1.0,1.0,1,4,15,1,2,0,1,133,50076236,14407.68,0.0,14407.68,24557.5962990017,34.32835820895522,medium value,NINJA RUL,M,M,    ,,
,,1,0,0,0,1,1,1,1328,50080563,1363.6,0.0,1363.6,,,high value,Ross TWL,M,M,    ,,
1.0,1.0,1,0,0,0,1,0,1,384,50084772,1636.0,0.0,1636.0,2788.5285865015594,9.402985074626866,low value,Ross TWL,M,M,    ,,
1.0,1.0,1,3,0,1,1,0,1,19,50059227,6658.37,0.0,6658.37,11349.055675124931,20.44776119402985,low value,Drake Doctor,M, ,ACCT,,
1.0,1.0,1,3,0,0,1,0,1,19,50061661,11771.2,0.0,11771.2,20063.769986202416,31.791044776119403,medium value,Ansh TEN,M,M,ACCT,,
1.0,1.0,1,3,0,0,1,0,1,19,50061809,23542.4,0.0,23542.4,40127.53997240483,45.97014925373134,medium value,Ansh TEN,M,M,    ,,
1.0,1.0,1,3,0,1,1,0,0,19,50061864,1063704.1,0.0,1063704.1,1813061.913465106,99.1044776119403,high value,NINJA RUL,M,M,    ,,
1.0,1.0,1,3,0,1,1,0,2,19,50062123,149687.32,0.0,149687.32,255138.97974132432,87.16417910447761,high value,NINJA RUL,M, ,    ,,
0.8815586482388289,0.8815586482388289,1,5,0,0,1,0,1,1480,50068243,16024.0,0.0,16024.0,24077.641746000823,33.88059701492537,medium value,NINJA RUL,M,M,    ,,
1.0,1.0,1,0,0,0,1,0,1,19,50070071,1187.08,0.0,1187.08,2023.3536151982094,8.358208955223882,low value,NINJA RUL,M,M,    ,,
1.0,1.0,1,3,0,1,1,0,2,19,50072553,616000.0,0.0,616000.0,1049959.4188783378,98.35820895522389,high value,Rivaldo Rivaldo,M,S,ACCT,,
1.0,1.0,1,3,0,1,1,0,1,19,50081583,6026.72,0.0,6026.72,10272.421150880611,18.955223880597014,low value,Rivaldoss Rivaldoss,M,S,ACCT,,
1.0,1.0,1,3,0,1,1,0,2,19,50085110,280600.0,0.0,280600.0,478276.969053996,94.02985074626866,high value, Client_Personal,M, ,    ,,
0.9829668478677855,0.943793017846392,1,0,0,0,1,0,1,749,50085545,48800.0,0.0,48800.0,80210.24477836753,67.31343283582089,high value,Ross TWL,M, ,    ,,
1.0,1.0,1,3,0,0,1,0,1,19,50085626,70613.76,0.0,70613.76,120359.71171171169,74.92537313432835,high value,aaa bhnjj,M, ,    ,,
1.0,1.0,1,3,0,0,1,0,2,19,50053341,112814.12,0.0,112814.12,192289.3634358296,82.68656716417911,high value,Drake willson,M,M,    ,,
1.0,1.0,1,3,0,0,1,0,1,19,50054394,29241.62,0.0,29241.62,49841.744062112295,53.88059701492537,medium value,Drake Doctor,M,M,    ,,
1.0,1.0,1,3,0,0,1,0,1,19,50054932,24974.88,0.0,24974.88,42569.17287557828,47.91044776119403,medium value,Azzedine Renan,M,S,STDN,,
1.0,1.0,1,3,0,0,1,0,1,19,50055159,14783.56,0.0,14783.56,25198.27608206662,34.626865671641795,medium value,Int admin,M, ,    ,,
1.0,1.0,1,3,0,1,1,0,1,19,50057329,32642.06,0.0,32642.06,55637.72459186986,58.35820895522388,medium value,Bret Lee,M, ,    ,,
1.0,1.0,1,3,0,0,1,0,1,19,50060009,84403.2,0.0,84403.2,143863.5305575846,78.35820895522389,high value,Drake Doctor,M,M,    ,,
1.0,1.0,1,3,0,1,1,0,1,19,50060362,30934.4,0.0,30934.4,52727.052998944884,55.970149253731336,medium value,John RUL,M,M,    ,,
1.0,1.0,1,3,0,0,1,0,1,19,50060374,12912.56,0.0,12912.56,22009.194795181276,32.83582089552239,medium value,John RUL,M,M,    ,,
1.0,1.0,1,3,0,0,1,0,2,19,50061633,148708.85,0.0,148708.85,253471.19761049657,86.86567164179104,high value,NINJA RUL,M,M,    ,,
1.0,1.0,1,3,0,1,1,0,2,19,50061957,118137.6,0.0,118137.6,201363.12636961284,83.28358208955224,high value,NINJA RUL,M,M,    ,,
1.0,1.0,1,3,0,1,1,0,1,19,50062236,28134.4,0.0,28134.4,47954.51018586154,52.98507462686567,medium value,TClntRnwl TClntRnwl,M,Z,    ,,
1.0,1.0,1,3,0,0,1,0,1,19,50062249,21482.26,0.0,21482.26,36616.07341849571,42.23880597014925,medium value,Ram Sai,M, ,    ,,
0.9965088116843489,0.9756156592303735,1,4,0,1,1,0,2,1114,50071613,360255.85,0.0,360255.85,605795.9937327658,96.11940298507463,high value,Ram TEN,M,M,    ,,
1.0,1.0,1,4,1,0,1,0,1,19,50072008,10415.0,0.0,10415.0,17752.15478509397,26.268656716417908,low value,Drake Doctor,M,M,    ,,
1.0,1.0,1,0,0,0,1,0,2,19,50076700,165427.58,130000.0,35427.58,60385.58654069126,60.59701492537314,high value,NINJA RUL,M,M,    ,,
1.0,1.0,1,3,0,0,1,0,1,19,50085585,13228.27,0.0,13228.27,22547.31604215219,33.43283582089553,medium value,iLife8648 Retest,M, ,    ,,
1.0,1.0,1,3,0,1,1,0,1,19,50059953,28134.4,0.0,28134.4,47954.51018586154,52.98507462686567,medium value,Ansh TEN,M,M,    ,,
1.0,1.0,1,3,0,1,1,0,1,19,50060547,59068.8,0.0,59068.8,100681.56318480642,72.08955223880596,high value,Ansh TEN,M,M,    ,,
1.0,1.0,1,3,0,0,1,0,1,19,50060592,30934.4,0.0,30934.4,52727.052998944884,55.970149253731336,medium value,John RTA,M,M,    ,,
,,1,3,0,0,1,1,1,19,50061876,23542.4,0.0,23542.4,,,high value,Ansh Aggarwal,M,M,    ,,
1.0,1.0,1,3,0,0,1,0,1,19,50061882,23542.4,0.0,23542.4,40127.53997240483,45.97014925373134,medium value,Ross TWL,M,M,    ,,
1.0,1.0,1,3,0,1,1,0,1,19,50071387,30517.92,0.0,30517.92,52017.17134509025,55.223880597014926,medium value,NINJA RUL,M,M,    ,,
1.0,1.0,1,4,0,1,1,0,1,7324,50078104,59113.34,31880.7,27232.64,46417.47868331651,50.29850746268657,medium value,NINJA RUL,M,M,    ,,
1.0,1.0,1,0,0,0,1,0,2,19,50081319,514265.79,19941.71,494324.08,842565.2983350145,97.31343283582089,high value,NINJA RUL,M,M,    ,,
1.0,1.0,1,3,1,0,1,0,2,19,50081442,204682.49,0.0,204682.49,348877.1237905376,90.59701492537313,high value,Ansh TEN,M,M,    ,,
0.958737589923041,0.958737589923041,1,0,0,0,1,0,1,10,50085599,37700.0,0.0,37700.0,61607.40376058445,61.04477611940299,high value,NINJA RUL,M,M,    ,,
1.0,1.0,1,3,0,0,1,0,1,19,50061889,11771.2,0.0,11771.2,20063.769986202416,31.791044776119403,medium value,NINJA RUL,M,M,    ,,
1.0,1.0,1,3,0,0,1,0,1,19,50061916,11771.2,0.0,11771.2,20063.769986202416,31.791044776119403,medium value,NINJA RUL,M,M,    ,,
0.8067379727456248,0.8067379727456248,1,0,0,0,1,0,1,1480,50066907,5255.04,0.0,5255.04,7226.039433228523,15.074626865671641,low value,John RTA,M,M,    ,,
1.0,1.0,1,3,0,0,1,0,2,19,50077308,126596.48,0.0,126596.48,215781.11456630373,84.02985074626865,high value, Varun,M,S,    ,,
1.0,1.0,1,3,0,1,1,0,1,19,50079910,22993.6,0.0,22993.6,39192.1215810405,44.92537313432835,medium value,Rivaldoss Rivaldoss,M,S,ACCT,,
1.0,1.0,1,3,0,1,1,0,2,19,50080674,101705.28,0.0,101705.28,173354.5725416536,81.49253731343283,high value,Drake willson,M, ,    ,,
1.0,1.0,1,4,11,0,0,0,1,1114,50085859,74900.0,0.0,74900.0,127665.5202499797,75.67164179104478,high value,Ansh TEN,M,M,    ,,
1.0,1.0,1,3,0,0,1,0,1,19,50055676,21333.76,0.0,21333.76,36362.95820144468,42.08955223880597,medium value,NINJA RUL,M,M,    ,,
1.0,1.0,1,3,0,0,1,0,1,19,50057928,19844.05,100000.0,-80155.95,-136624.17967798878,1.791044776119403,low value,NINJA RUL,M,M,    ,,
1.0,1.0,1,3,0,0,1,0,1,19,50059097,28134.4,0.0,28134.4,47954.51018586154,52.98507462686567,medium value,NINJA RUL,M,M,    ,,
,,1,3,0,0,1,1,1,19,50059573,9211.37,0.0,9211.37,,,high value,John RUL,M,M,    ,,
1.0,1.0,1,3,0,1,1,0,1,19,50060911,79366.78,0.0,79366.78,135279.05553091702,76.71641791044776,high value,John RUL,M,M,    ,,
1.0,1.0,1,3,0,1,1,0,1,19,50064939,32642.06,0.0,32642.06,55637.72459186986,58.35820895522388,medium value,NINJA RUL,M,M,    ,,
1.0,1.0,1,3,0,1,1,0,1,19,50066050,44110.86,0.0,44110.86,75186.05995425928,65.07462686567163,high value,H Madhan,M,S,    ,,
1.0,1.0,1,3,0,1,1,0,1,19,50066921,98123.08,0.0,98123.08,167248.7858041439,81.19402985074626,high value,Drake willson,M, ,    ,,
1.0,1.0,1,3,0,1,1,0,1,19,50070528,6026.72,0.0,6026.72,10272.421150880611,18.955223880597014,low value,Ansh TEN,M,M,ACCT,,
1.0,1.0,1,3,0,1,1,0,1,19,50070777,33868.8,0.0,33868.8,57728.67786705624,59.55223880597015,medium value, surya,M, ,    ,,
1.0,1.0,0,4,6,0,1,0,1,384,50072394,2833.7,0.0,2833.7,4829.983774797964,11.641791044776118,low value,John RUL,M,M,    ,,
1.0,1.0,1,0,0,1,1,0,1,19,50074328,1232.0,0.0,1232.0,2099.918837756675,8.955223880597014,low value,John RUL,M,M,    ,,
1.0,1.0,1,3,0,0,1,0,1,19,50076908,7653.15,0.0,7653.15,13044.63786783888,22.08955223880597,low value,Client Target2,M, ,    ,,
1.0,1.0,1,3,0,1,1,0,1,19,50081567,6026.72,0.0,6026.72,10272.421150880611,18.955223880597014,low value,Ansh TEN,M,M,    ,,
1.0,1.0,1,0,0,0,1,0,1,19,50085081,47025.4,0.0,47025.4,80153.83385798926,67.16417910447761,high value,Drake Doctor,M,M,    ,,
1.0,1.0,0,0,0,0,1,0,1,384,50085082,16418.11,0.0,16418.11,27984.333173182833,35.52238805970149,medium value,NINJA RUL,M,M,    ,,
1.0,1.0,1,3,0,0,1,0,1,19,50085936,35138.59,0.0,35138.59,59893.00898799377,60.447761194029844,high value,vijay lokesh,M,S,COOK,,
1.0,1.0,1,0,0,0,1,0,1,19,50086001,63179.81,0.0,63179.81,107688.69576695419,73.5820895522388,high value,Drake willson,M,M,    ,,
1.0,1.0,0,3,0,0,1,0,1,1845,50001165,4682.0,0.0,4682.0,7980.373375305806,15.82089552238806,low value,Drake willson,M,M,    ,,
1.0,1.0,1,3,0,0,1,0,1,384,50001980,543.39,0.0,543.39,926.1971568576297,5.522388059701493,low value,NINJA RUL,M,M,    ,,
1.0,1.0,1,3,1,1,1,0,1,2210,50002004,40775.84,342181.74,-301405.9,-513740.2006663999,1.4925373134328357,low value,Ross TWL,M,M,    ,,
1.0,1.0,1,4,0,0,1,0,1,3671,50002154,57062.88,0.0,57062.88,97262.51351351349,71.49253731343283,high value,Ram TEN,M,M,    ,,
1.0,1.0,1,4,0,1,1,0,2,3581,50002452,365747.2,0.0,365747.2,623408.6324161999,96.41791044776119,high value,NINJA RUL,M,M,    ,,
1.0,1.0,1,4,0,1,1,0,0,3671,50002502,20313203.52,0.0,20313203.52,34623440.52502695,100.0,high value,NINJA RUL,M,M,    ,,
0.9124797745991012,0.9124797745991012,1,4,0,0,2,0,1,1480,50003591,83186.88,0.0,83186.88,129380.81562168905,76.11940298507463,high value,NINJA RUL,M,M,    ,,
1.0,1.0,1,3,0,0,1,0,1,19,50004123,5059.2,0.0,5059.2,8623.303071411177,16.716417910447763,low value,Drake Doctor,M,M,    ,,
1.0,1.0,1,4,0,0,1,0,1,3671,50004402,44961.28,0.0,44961.28,76635.58347536725,65.97014925373135,high value,Drake Doctor,M,M,    ,,
0.9124797745991012,0.9124797745991012,1,4,0,0,2,0,1,1480,50005620,10106.88,0.0,10106.88,15719.26219363602,23.432835820895523,low value,Amrita P,F,S,ANYS,,
1.0,1.0,1,3,0,0,1,0,2,19,50008569,169985.2,0.0,169985.2,289736.3016394773,88.65671641791046,high value, last name,M, ,    ,,
0.9557741863766811,0.7266626654969581,1,3,0,0,0,0,1,1114,50008868,46726.4,0.0,46726.4,67432.99529220445,62.68656716417911,high value,Ross TWL,M,M,    ,,
1.0,1.0,1,3,0,1,1,0,2,19,50013120,246588.0,0.0,246588.0,420304.2097116421,92.38805970149254,high value,Drake Doctor,M,M,    ,,
1.0,1.0,1,3,0,0,1,0,1,19,50026797,31111.73,0.0,31111.73,53029.30836217491,56.26865671641791,medium value, chandra,M, ,    ,,
1.0,1.0,1,3,0,0,1,0,1,384,50029421,467.04,0.0,467.04,796.0601412223034,5.074626865671641,low value,MOZHI KANI,F, ,    ,,
1.0,1.0,1,0,10,0,1,0,1,19,50033783,1209.6,0.0,1209.6,2061.7384952520083,8.805970149253731,low value,NINJA RUL,M,M,    ,,
1.0,1.0,1,3,0,0,1,0,1,19,50034332,2320.64,0.0,2320.64,3955.483483483483,11.194029850746269,low value,NINJA RUL,M, ,    ,,
1.0,1.0,1,3,0,0,1,0,1,19,50034667,9668.0,0.0,9668.0,16478.90854174638,24.776119402985074,low value,Angelino Antonio,M,M,ACON,,
1.0,1.0,1,3,0,0,1,0,1,19,50036840,32705.28,20000.0,12705.28,21655.890268647025,32.537313432835816,medium value,Rose Dawson,F,M,    ,,
1.0,1.0,1,3,0,0,1,0,1,19,50044221,34514.2,0.0,34514.2,58828.748985471946,60.149253731343286,high value,daniel jack,M,M,    ,,
1.0,1.0,1,3,0,1,1,0,2,19,50046357,179394.59,0.0,179394.59,305774.4147180481,89.1044776119403,high value,Kashinath Saxena,M,M,ACCT,,
1.0,1.0,1,4,0,0,1,0,1,19,50047189,33667.2,0.0,33667.2,57385.05478451423,59.1044776119403,medium value,IWA Testing,M,S,    ,,
1.0,1.0,1,3,0,1,1,0,1,19,50048266,56268.8,0.0,56268.8,95909.02037172308,71.34328358208955,high value,Ronn Century,M,S,    ,,
1.0,1.0,1,0,0,1,1,0,1,19,50048337,56168.0,0.0,56168.0,95737.20883045206,70.44776119402985,high value,Moss Taylor,M,S,    ,,
1.0,1.0,1,4,0,0,1,0,1,19,50054935,22034.88,0.0,22034.88,37558.00292184076,42.83582089552239,medium value,Ring Lee,M,S,    ,,
1.0,1.0,1,3,0,1,1,0,1,19,50055451,16800.0,0.0,16800.0,28635.25687850012,35.82089552238806,medium value,John RTA,M,M,    ,,
1.0,1.0,1,3,0,0,1,0,1,19,50055871,80345.53,0.0,80345.53,136947.31491602605,77.01492537313432,high value,jone jack,M,S,    ,,
1.0,1.0,1,3,0,0,1,0,1,19,50059924,7113.96,0.0,7113.96,12125.599525200876,21.044776119402986,low value,Stuart Binny,M,S,    ,,
1.0,1.0,1,3,0,0,1,0,1,19,50060295,9435.37,0.0,9435.37,16082.395457957959,23.88059701492537,low value,Atul Kumar,M,M,    ,,
1.0,1.0,1,3,0,1,1,0,2,19,50061127,313705.8,0.0,313705.8,534705.1290044871,95.22388059701493,high value,Ajay Ajmani,M,M,    ,,
1.0,1.0,1,3,0,1,1,0,1,19,50077099,17523.52,0.0,17523.52,29868.481941400856,37.61194029850746,medium value,John RTA,M,M,    ,,
1.0,1.0,1,3,1,0,1,0,1,19,50081051,3321.35,0.0,3321.35,5661.173240083712,11.940298507462686,low value,John RTA,M,M,    ,,
1.0,1.0,1,0,0,0,1,0,1,19,50085079,90025.4,0.0,90025.4,153446.45563034073,80.14925373134328,high value,jai singh,M,M,    ,,
